{"stats":{"minecraft:killed":{"minecraft:stray":1,"alexsmobs:raccoon":1},"minecraft:killed_by":{"minecraft:creeper":1,"born_in_chaos_v1:zombie_bruiser":1},"minecraft:custom":{"minecraft:time_since_rest":3204,"minecraft:sprint_one_cm":61542,"minecraft:damage_taken":1000,"minecraft:walk_one_cm":61631,"minecraft:mob_kills":2,"minecraft:damage_dealt":309,"minecraft:fly_one_cm":95093,"minecraft:interact_with_crafting_table":3,"minecraft:open_chest":6,"minecraft:crouch_one_cm":8991,"minecraft:play_time":19012,"minecraft:deaths":4,"minecraft:sneak_time":1930,"minecraft:jump":545,"minecraft:leave_game":1,"minecraft:time_since_death":2966,"minecraft:total_world_time":19012,"minecraft:fall_one_cm":18149},"minecraft:mined":{"biomesoplenty:toadstool":4,"biomesoplenty:fir_log":44,"minecraft:crafting_table":1,"minecraft:grass":4,"minecraft:grass_block":5,"minecraft:dirt":10,"minecraft:packed_ice":3,"minecraft:stone":6,"minecraft:fern":2},"minecraft:picked_up":{"biomesoplenty:toadstool":4,"minecraft:tipped_arrow":1,"minecraft:stick":26,"minecraft:crafting_table":1,"biomesoplenty:fir_sapling":17,"biomesoplenty:fir_log":44,"minecraft:dirt":15,"minecraft:arrow":1,"minecraft:cobblestone":6},"minecraft:crafted":{"biomesoplenty:fir_planks":8,"minecraft:crafting_table":1,"minecraft:wooden_pickaxe":1,"minecraft:stone_pickaxe":1,"minecraft:stone_axe":1},"minecraft:used":{"lifesteal:heart_crystal":1,"minecraft:stone_pickaxe":13,"minecraft:wooden_pickaxe":6,"minecraft:rotten_flesh":11,"minecraft:stone_axe":11,"minecraft:torch":1,"minecraft:dirt":3,"minecraft:crafting_table":1}},"DataVersion":3120}