{"stats":{"minecraft:custom":{"minecraft:jump":114,"minecraft:open_chest":3,"minecraft:time_since_rest":5071,"minecraft:crouch_one_cm":4929,"minecraft:damage_taken":120,"minecraft:sprint_one_cm":22369,"minecraft:play_time":5830,"minecraft:deaths":1,"minecraft:time_since_death":4956,"minecraft:walk_one_cm":3860,"minecraft:sneak_time":611,"minecraft:total_world_time":5830,"minecraft:fall_one_cm":3551,"minecraft:fly_one_cm":28834},"minecraft:mined":{"minecraft:grass_block":1},"minecraft:picked_up":{"minecraft:dirt":1},"minecraft:used":{"lifesteal:heart_crystal":1}},"DataVersion":3120}