{"stats":{"minecraft:killed":{"born_in_chaos_v1:corpse_fly":1,"minecraft:stray":1,"alexsmobs:raccoon":1},"minecraft:dropped":{"cgm:basic_bullet":1},"minecraft:killed_by":{"born_in_chaos_v1:corpse_fly":1,"minecraft:creeper":1,"born_in_chaos_v1:zombie_bruiser":1},"minecraft:custom":{"minecraft:time_since_rest":4099,"minecraft:sprint_one_cm":67576,"minecraft:damage_taken":1170,"minecraft:walk_one_cm":76014,"minecraft:mob_kills":3,"minecraft:drop":1,"minecraft:damage_dealt":409,"minecraft:interact_with_crafting_table":4,"minecraft:fly_one_cm":110827,"minecraft:open_chest":6,"minecraft:crouch_one_cm":11177,"minecraft:play_time":24129,"minecraft:deaths":5,"minecraft:sneak_time":2405,"minecraft:boat_one_cm":260,"minecraft:jump":693,"minecraft:leave_game":1,"minecraft:time_since_death":4067,"minecraft:total_world_time":24129,"minecraft:fall_one_cm":25572},"minecraft:mined":{"biomesoplenty:toadstool":4,"minecraft:crafting_table":1,"biomesoplenty:fir_log":79,"minecraft:grass":5,"minecraft:grass_block":5,"biomesoplenty:fir_leaves":1,"minecraft:dirt":10,"minecraft:packed_ice":3,"minecraft:stone":6,"minecraft:fern":3},"minecraft:picked_up":{"biomesoplenty:toadstool":4,"minecraft:tipped_arrow":1,"born_in_chaos_v1:corpse_maggot":2,"minecraft:stick":32,"minecraft:crafting_table":1,"cgm:basic_bullet":1,"biomesoplenty:fir_sapling":26,"biomesoplenty:fir_log":73,"minecraft:dirt":15,"minecraft:arrow":1,"biomesoplenty:fir_boat":1,"minecraft:cobblestone":6},"minecraft:crafted":{"biomesoplenty:fir_planks":16,"biomesoplenty:fir_boat":1,"minecraft:crafting_table":1,"minecraft:wooden_pickaxe":1,"minecraft:stone_pickaxe":1,"minecraft:stone_axe":1},"minecraft:used":{"born_in_chaos_v1:corpse_maggot":2,"lifesteal:heart_crystal":1,"minecraft:stone_pickaxe":13,"minecraft:wooden_pickaxe":6,"biomesoplenty:fir_boat":1,"minecraft:rotten_flesh":11,"minecraft:stone_axe":18,"minecraft:torch":1,"minecraft:dirt":6,"minecraft:crafting_table":2}},"DataVersion":3120}