{"stats":{"minecraft:killed":{"born_in_chaos_v1:corpse_fly":1,"minecraft:stray":1,"alexsmobs:raccoon":1,"minecraft:sheep":1},"minecraft:dropped":{"cgm:basic_bullet":1},"minecraft:killed_by":{"born_in_chaos_v1:corpse_fly":1,"goatman:goatman":2,"creeping_x:creeping_x":1,"minecraft:creeper":1,"born_in_chaos_v1:zombie_bruiser":1},"minecraft:custom":{"minecraft:time_since_rest":1,"minecraft:sprint_one_cm":102994,"minecraft:damage_taken":3220,"minecraft:walk_one_cm":92553,"minecraft:mob_kills":4,"minecraft:drop":1,"minecraft:damage_dealt":579,"minecraft:swim_one_cm":1826,"minecraft:interact_with_crafting_table":7,"minecraft:fly_one_cm":193546,"minecraft:open_chest":10,"minecraft:crouch_one_cm":24767,"minecraft:play_time":37003,"minecraft:deaths":11,"minecraft:sneak_time":5489,"minecraft:walk_under_water_one_cm":275,"minecraft:boat_one_cm":260,"minecraft:jump":1075,"minecraft:leave_game":2,"minecraft:walk_on_water_one_cm":57,"minecraft:time_since_death":1,"minecraft:total_world_time":37003,"minecraft:fall_one_cm":35678},"minecraft:mined":{"biomesoplenty:toadstool":4,"minecraft:crafting_table":1,"biomesoplenty:fir_log":79,"minecraft:grass":6,"biomesoplenty:fir_planks":3,"minecraft:grass_block":6,"biomesoplenty:fir_leaves":1,"minecraft:campfire":1,"minecraft:dirt":10,"minecraft:packed_ice":3,"minecraft:stone":6,"minecraft:fern":3,"minecraft:hay_block":1},"minecraft:picked_up":{"biomesoplenty:toadstool":4,"minecraft:tipped_arrow":1,"born_in_chaos_v1:corpse_maggot":2,"minecraft:stick":32,"minecraft:crafting_table":1,"cgm:basic_bullet":1,"biomesoplenty:fir_sapling":26,"biomesoplenty:fir_log":73,"minecraft:dirt":16,"minecraft:arrow":1,"biomesoplenty:fir_boat":1,"biomesoplenty:fir_planks":2,"minecraft:hay_block":1,"minecraft:charcoal":2,"minecraft:cobblestone":6},"minecraft:crafted":{"biomesoplenty:fir_planks":16,"biomesoplenty:fir_boat":1,"minecraft:crafting_table":2,"minecraft:wooden_pickaxe":1,"minecraft:stone_pickaxe":1,"minecraft:torch":4,"minecraft:stone_axe":1,"minecraft:bread":3,"minecraft:wheat":9},"minecraft:used":{"born_in_chaos_v1:corpse_maggot":2,"lifesteal:heart_crystal":1,"minecraft:bread":2,"minecraft:stone_pickaxe":13,"minecraft:wooden_pickaxe":6,"biomesoplenty:fir_planks":2,"biomesoplenty:fir_boat":2,"minecraft:rotten_flesh":11,"minecraft:stone_axe":25,"minecraft:torch":5,"minecraft:dirt":12,"minecraft:crafting_table":3}},"DataVersion":3120}