{"stats":{"minecraft:used":{"alexsmobs:animal_dictionary":1},"minecraft:custom":{"minecraft:jump":71,"minecraft:time_since_rest":3334,"minecraft:damage_dealt":10,"minecraft:crouch_one_cm":215,"minecraft:sprint_one_cm":13901,"minecraft:play_time":3334,"minecraft:damage_taken":183,"minecraft:time_since_death":3334,"minecraft:walk_one_cm":4434,"minecraft:sneak_time":63,"minecraft:total_world_time":3334,"minecraft:walk_under_water_one_cm":151,"minecraft:swim_one_cm":5772,"minecraft:fall_one_cm":4813,"minecraft:fly_one_cm":17925,"minecraft:player_kills":1,"minecraft:open_chest":3,"minecraft:walk_on_water_one_cm":1402},"minecraft:crafted":{"minecraft:crafting_table":1,"biomesoplenty:fir_planks":20},"minecraft:picked_up":{"biomesoplenty:fir_log":5,"minecraft:stick":12}},"DataVersion":3120}