{"stats":{"minecraft:dropped":{"minecraft:wooden_pickaxe":1},"minecraft:killed":{"born_in_chaos_v1:baby_skeleton":1,"minecraft:cow":1},"minecraft:killed_by":{"goatman:goatman":1,"therake:the_rake":1},"minecraft:custom":{"minecraft:time_since_rest":5071,"minecraft:sprint_one_cm":38224,"minecraft:damage_taken":910,"minecraft:walk_one_cm":36666,"minecraft:mob_kills":2,"minecraft:drop":1,"minecraft:damage_dealt":320,"minecraft:swim_one_cm":2441,"minecraft:interact_with_crafting_table":10,"minecraft:fly_one_cm":101743,"minecraft:crouch_one_cm":1978,"minecraft:play_time":23620,"minecraft:deaths":3,"minecraft:sneak_time":1356,"minecraft:walk_under_water_one_cm":951,"minecraft:boat_one_cm":420,"minecraft:jump":488,"minecraft:leave_game":3,"minecraft:walk_on_water_one_cm":1981,"minecraft:time_since_death":4795,"minecraft:total_world_time":23620,"minecraft:fall_one_cm":30085},"minecraft:mined":{"biomesoplenty:fir_log":78,"minecraft:crafting_table":3,"minecraft:grass":5,"minecraft:grass_block":3,"biomesoplenty:fir_leaves":6,"minecraft:stone":37,"minecraft:fern":4},"minecraft:picked_up":{"minecraft:stick":21,"minecraft:crafting_table":3,"minecraft:wooden_pickaxe":1,"biomesoplenty:fir_sapling":18,"biomesoplenty:fir_log":41,"minecraft:dirt":2,"minecraft:bone":1,"minecraft:wheat_seeds":1,"minecraft:beef":3,"minecraft:cobblestone":48},"minecraft:crafted":{"biomesoplenty:fir_planks":56,"minecraft:wooden_sword":1,"biomesoplenty:fir_boat":2,"minecraft:crafting_table":3,"minecraft:stick":12,"minecraft:wooden_pickaxe":2,"minecraft:stone_pickaxe":2,"minecraft:wooden_axe":1,"minecraft:stone_sword":2,"minecraft:furnace":3,"minecraft:stone_axe":2},"minecraft:used":{"minecraft:wooden_axe":2,"lifesteal:heart_crystal":1,"minecraft:stone_pickaxe":11,"minecraft:wooden_pickaxe":27,"biomesoplenty:fir_planks":1,"biomesoplenty:fir_boat":1,"minecraft:stone_axe":1,"minecraft:dirt":1,"minecraft:beef":3,"minecraft:crafting_table":4}},"DataVersion":3120}