{"stats":{"minecraft:dropped":{"minecraft:coal":52,"minecraft:wooden_pickaxe":1},"minecraft:killed":{"alexsmobs:grizzly_bear":1,"born_in_chaos_v1:restless_spirit":1,"born_in_chaos_v1:baby_skeleton":1,"born_in_chaos_v1:decrepit_skeleton":2,"minecraft:skeleton":1,"creeping_x:creeping_x":1,"born_in_chaos_v1:dark_vortex":1,"minecraft:stray":1,"alexsmobs:moose":1,"minecraft:cow":1},"minecraft:killed_by":{"minecraft:player":5,"therake:the_rake":1,"born_in_chaos_v1:glutton_fish":1,"nightmare_cantbreathe:nightmare_cantbreathe":1,"chasing_x:chasing_x":2,"goatman:goatman":1},"minecraft:custom":{"minecraft:interact_with_furnace":1,"minecraft:mob_kills":11,"minecraft:interact_with_crafting_table":12,"minecraft:leave_game":3,"minecraft:time_since_death":2528,"minecraft:climb_one_cm":144,"minecraft:time_since_rest":2561,"minecraft:sprint_one_cm":91299,"minecraft:damage_taken":10394,"minecraft:walk_one_cm":109946,"minecraft:drop":2,"minecraft:damage_dealt":379,"minecraft:swim_one_cm":2441,"minecraft:fly_one_cm":225175,"minecraft:player_kills":4,"minecraft:crouch_one_cm":8127,"minecraft:play_time":47620,"minecraft:deaths":14,"minecraft:sneak_time":3818,"minecraft:walk_under_water_one_cm":1468,"minecraft:boat_one_cm":1130,"minecraft:jump":1044,"minecraft:walk_on_water_one_cm":2522,"minecraft:total_world_time":47620,"minecraft:fall_one_cm":55825},"minecraft:mined":{"minecraft:crafting_table":5,"minecraft:torch":1,"minecraft:grass_block":3,"minecraft:cobblestone":2,"minecraft:wall_torch":1,"minecraft:spruce_log":22,"biomesoplenty:fir_log":78,"minecraft:grass":6,"minecraft:oak_log":27,"biomesoplenty:fir_leaves":9,"minecraft:stone":62,"minecraft:fern":4},"minecraft:picked_up":{"minecraft:crafting_table":5,"minecraft:wooden_pickaxe":1,"alexsmobs:bear_fur":2,"biomesoplenty:fir_sapling":31,"biomesoplenty:fir_log":177,"minecraft:oak_log":27,"minecraft:dirt":2,"minecraft:bone":4,"minecraft:wheat_seeds":1,"minecraft:beef":3,"minecraft:stick":39,"minecraft:raw_iron":8,"minecraft:torch":2,"born_in_chaos_v1:ethereal_spirit":2,"born_in_chaos_v1:dark_rod":1,"minecraft:spruce_sapling":4,"minecraft:spruce_log":22,"biomesoplenty:maple_sapling":13,"minecraft:rotten_flesh":2,"alexsmobs:moose_ribs":3,"minecraft:coal":108,"minecraft:cobblestone":75},"minecraft:crafted":{"minecraft:wooden_sword":1,"biomesoplenty:fir_boat":4,"minecraft:crafting_table":3,"minecraft:wooden_pickaxe":2,"minecraft:furnace":3,"minecraft:stone_axe":2,"biomesoplenty:fir_planks":88,"minecraft:stick":12,"minecraft:stone_pickaxe":2,"minecraft:wooden_axe":1,"minecraft:stone_sword":2},"minecraft:used":{"minecraft:stone_sword":13,"cgm:pistol":101,"minecraft:stone_pickaxe":42,"minecraft:wooden_pickaxe":27,"biomesoplenty:fir_planks":1,"biomesoplenty:fir_boat":3,"minecraft:rotten_flesh":2,"minecraft:torch":2,"minecraft:dirt":1,"minecraft:crafting_table":6,"alexsmobs:moose_ribs":1,"minecraft:wooden_axe":2,"lifesteal:heart_crystal":6,"minecraft:stone_axe":5,"minecraft:cobblestone":16,"minecraft:beef":3,"minecraft:furnace":1}},"DataVersion":3120}