{"stats":{"minecraft:dropped":{"minecraft:wooden_pickaxe":1,"minecraft:coal":52},"minecraft:killed":{"born_in_chaos_v1:dark_vortex":1,"born_in_chaos_v1:baby_skeleton":1,"alexsmobs:moose":1,"born_in_chaos_v1:decrepit_skeleton":1,"minecraft:cow":1},"minecraft:killed_by":{"nightmare_cantbreathe:nightmare_cantbreathe":1,"minecraft:player":3,"chasing_x:chasing_x":1,"goatman:goatman":1,"therake:the_rake":1,"born_in_chaos_v1:glutton_fish":1},"minecraft:custom":{"minecraft:time_since_rest":3392,"minecraft:interact_with_furnace":1,"minecraft:sprint_one_cm":71476,"minecraft:damage_taken":7046,"minecraft:walk_one_cm":71814,"minecraft:mob_kills":5,"minecraft:drop":2,"minecraft:damage_dealt":359,"minecraft:player_kills":4,"minecraft:swim_one_cm":2441,"minecraft:interact_with_crafting_table":11,"minecraft:fly_one_cm":193391,"minecraft:crouch_one_cm":5350,"minecraft:play_time":35620,"minecraft:deaths":10,"minecraft:sneak_time":2530,"minecraft:walk_under_water_one_cm":1468,"minecraft:boat_one_cm":840,"minecraft:jump":881,"minecraft:leave_game":3,"minecraft:walk_on_water_one_cm":2522,"minecraft:time_since_death":3365,"minecraft:total_world_time":35620,"minecraft:fall_one_cm":49808},"minecraft:mined":{"minecraft:torch":1,"biomesoplenty:fir_log":78,"minecraft:crafting_table":4,"minecraft:grass":6,"minecraft:grass_block":3,"biomesoplenty:fir_leaves":9,"minecraft:stone":61,"minecraft:wall_torch":1,"minecraft:fern":4},"minecraft:picked_up":{"minecraft:stick":30,"minecraft:crafting_table":4,"born_in_chaos_v1:ethereal_spirit":1,"minecraft:torch":2,"minecraft:wooden_pickaxe":1,"biomesoplenty:fir_sapling":31,"biomesoplenty:fir_log":177,"born_in_chaos_v1:dark_rod":1,"minecraft:dirt":2,"minecraft:bone":2,"minecraft:wheat_seeds":1,"minecraft:beef":3,"alexsmobs:moose_ribs":3,"minecraft:coal":85,"minecraft:cobblestone":72},"minecraft:crafted":{"biomesoplenty:fir_planks":88,"minecraft:wooden_sword":1,"biomesoplenty:fir_boat":3,"minecraft:crafting_table":3,"minecraft:stick":12,"minecraft:wooden_pickaxe":2,"minecraft:stone_pickaxe":2,"minecraft:wooden_axe":1,"minecraft:stone_sword":2,"minecraft:furnace":3,"minecraft:stone_axe":2},"minecraft:used":{"minecraft:wooden_axe":2,"lifesteal:heart_crystal":6,"minecraft:stone_sword":13,"cgm:pistol":56,"minecraft:stone_pickaxe":36,"minecraft:wooden_pickaxe":27,"biomesoplenty:fir_planks":1,"biomesoplenty:fir_boat":2,"minecraft:stone_axe":4,"minecraft:torch":2,"minecraft:dirt":1,"minecraft:beef":3,"minecraft:crafting_table":5,"minecraft:furnace":1,"alexsmobs:moose_ribs":1}},"DataVersion":3120}