{"stats":{"minecraft:killed":{"alexsmobs:grizzly_bear":1,"born_in_chaos_v1:restless_spirit":1,"born_in_chaos_v1:baby_skeleton":1,"graveyard:revenant":1,"born_in_chaos_v1:zombie_bruiser":1,"born_in_chaos_v1:decrepit_skeleton":3,"minecraft:skeleton":1,"creeping_x:creeping_x":2,"minecraft:stray":1,"born_in_chaos_v1:dark_vortex":1,"alexsmobs:moose":2,"minecraft:cow":1},"minecraft:dropped":{"minecraft:furnace":2,"minecraft:stone_axe":1,"minecraft:stone_sword":1,"minecraft:rail":1,"minecraft:coal":52,"biomesoplenty:fir_sapling":14,"minecraft:dark_oak_log":1,"minecraft:mangrove_log":2,"minecraft:charcoal":2,"minecraft:ladder":1,"minecraft:spider_eye":2,"minecraft:wooden_pickaxe":2,"minecraft:stone_pickaxe":2},"minecraft:killed_by":{"minecraft:player":7,"therake:the_rake":1,"nightmare:nightmare":1,"born_in_chaos_v1:siamese_skeletons":1,"born_in_chaos_v1:glutton_fish":1,"nightmare_cantbreathe:nightmare_cantbreathe":1,"chasing_x:chasing_x":2,"goatman:goatman":1},"minecraft:custom":{"minecraft:interact_with_furnace":12,"minecraft:mob_kills":15,"minecraft:interact_with_crafting_table":20,"minecraft:damage_dealt_resisted":910,"minecraft:leave_game":4,"minecraft:time_since_death":244,"minecraft:climb_one_cm":10548,"minecraft:time_since_rest":270,"minecraft:sprint_one_cm":125915,"minecraft:damage_taken":11157,"minecraft:walk_one_cm":156639,"minecraft:drop":32,"minecraft:damage_dealt":507,"minecraft:swim_one_cm":2441,"minecraft:fly_one_cm":276523,"minecraft:player_kills":5,"minecraft:open_chest":1,"minecraft:crouch_one_cm":8352,"minecraft:play_time":70889,"minecraft:deaths":19,"minecraft:sneak_time":4137,"minecraft:walk_under_water_one_cm":3529,"minecraft:boat_one_cm":1130,"minecraft:jump":1330,"minecraft:walk_on_water_one_cm":2963,"minecraft:total_world_time":70889,"minecraft:fall_one_cm":62463},"minecraft:mined":{"minecraft:crafting_table":6,"minecraft:torch":1,"minecraft:ladder":1,"minecraft:grass_block":3,"biomesoplenty:fir_planks":10,"minecraft:cobblestone":2,"minecraft:wall_torch":2,"minecraft:furnace":2,"minecraft:spruce_log":22,"biomesoplenty:fir_log":78,"minecraft:grass":7,"minecraft:oak_log":27,"biomesoplenty:fir_leaves":9,"minecraft:rail":1,"minecraft:stone":62,"minecraft:stone_bricks":1,"minecraft:fern":4},"minecraft:picked_up":{"minecraft:charcoal":2,"minecraft:crafting_table":6,"minecraft:ladder":1,"minecraft:wooden_pickaxe":2,"biomesoplenty:fir_log":177,"biomesoplenty:fir_sapling":95,"alexsmobs:bear_fur":2,"minecraft:oak_log":27,"minecraft:gunpowder":1,"minecraft:dirt":2,"minecraft:bone":8,"minecraft:stone_bricks":1,"minecraft:wheat_seeds":1,"biomesoplenty:fir_planks":9,"minecraft:iron_ingot":2,"minecraft:beef":3,"minecraft:stone_pickaxe":1,"minecraft:mangrove_log":2,"minecraft:furnace":4,"minecraft:stick":39,"minecraft:raw_iron":12,"minecraft:torch":3,"born_in_chaos_v1:ethereal_spirit":2,"born_in_chaos_v1:dark_rod":1,"minecraft:spruce_sapling":4,"minecraft:dark_oak_log":1,"born_in_chaos_v1:pieceofdarkmetal":1,"minecraft:spruce_log":22,"minecraft:spider_eye":2,"biomesoplenty:maple_sapling":13,"minecraft:rotten_flesh":8,"alexsmobs:moose_ribs":5,"lifesteal:heart_crystal":4,"minecraft:coal":129,"minecraft:rail":1,"minecraft:cobblestone":75},"minecraft:crafted":{"minecraft:wooden_sword":1,"biomesoplenty:fir_boat":4,"minecraft:crafting_table":3,"minecraft:wooden_pickaxe":2,"minecraft:iron_sword":1,"alexsmobs:cooked_moose_ribs":2,"minecraft:furnace":4,"minecraft:stone_axe":2,"minecraft:air":0,"biomesoplenty:fir_planks":216,"graveyard:bone_dagger":1,"minecraft:shield":1,"minecraft:iron_axe":1,"minecraft:stick":12,"minecraft:iron_ingot":11,"minecraft:iron_pickaxe":1,"minecraft:stone_pickaxe":2,"minecraft:wooden_axe":1,"minecraft:stone_sword":2},"minecraft:used":{"minecraft:stone_sword":16,"cgm:pistol":145,"minecraft:stone_pickaxe":46,"minecraft:wooden_pickaxe":27,"biomesoplenty:fir_planks":27,"biomesoplenty:fir_boat":3,"minecraft:rotten_flesh":2,"graveyard:bone_dagger":3,"minecraft:torch":3,"minecraft:dirt":2,"minecraft:crafting_table":8,"alexsmobs:moose_ribs":1,"minecraft:wooden_axe":2,"lifesteal:heart_crystal":10,"minecraft:iron_axe":10,"minecraft:iron_pickaxe":3,"minecraft:stone_bricks":1,"minecraft:stone_axe":5,"alexsmobs:cooked_moose_ribs":1,"minecraft:cobblestone":16,"minecraft:beef":3,"minecraft:furnace":3}},"DataVersion":3120}