{"stats":{"minecraft:dropped":{"minecraft:iron_helmet":1,"minecraft:rail":1,"minecraft:coal":52,"biomesoplenty:fir_sapling":14,"minecraft:red_bed":1,"minecraft:dark_oak_log":1,"minecraft:torch":1,"minecraft:smooth_quartz":2,"minecraft:iron_leggings":2,"minecraft:string":2,"minecraft:furnace":2,"minecraft:stone_axe":1,"minecraft:stone_sword":1,"minecraft:chiseled_quartz_block":2,"minecraft:iron_boots":1,"biomesoplenty:fir_planks":1,"minecraft:mangrove_log":2,"minecraft:iron_chestplate":1,"minecraft:charcoal":2,"born_in_chaos_v1:corpse_maggot":2,"minecraft:ladder":1,"minecraft:spider_eye":2,"minecraft:stone_pickaxe":2,"minecraft:wooden_pickaxe":2},"minecraft:killed":{"born_in_chaos_v1:restless_spirit":1,"graveyard:revenant":2,"minecraft:spider":1,"born_in_chaos_v1:zombie_bruiser":1,"minecraft:skeleton":10,"minecraft:drowned":2,"minecraft:magma_cube":4,"alexsmobs:grizzly_bear":1,"born_in_chaos_v1:baby_skeleton":1,"born_in_chaos_v1:decrepit_skeleton":3,"born_in_chaos_v1:corpse_fly":1,"creeping_x:creeping_x":2,"born_in_chaos_v1:dark_vortex":1,"minecraft:stray":1,"alexsmobs:moose":2,"alexsmobs:crow":1,"minecraft:cow":1},"minecraft:killed_by":{"minecraft:player":10,"creeping_x:creeping_x":1,"therake:the_rake":1,"minecraft:spider":1,"born_in_chaos_v1:glutton_fish":1,"nightmare_cantbreathe:nightmare_cantbreathe":1,"chasing_x:chasing_x":2,"goatman:goatman":1,"minecraft:skeleton":2,"nightmare:nightmare":1,"born_in_chaos_v1:siamese_skeletons":1},"minecraft:custom":{"minecraft:mob_kills":38,"minecraft:interact_with_crafting_table":23,"minecraft:damage_dealt_resisted":910,"minecraft:leave_game":5,"minecraft:time_since_death":1519,"minecraft:climb_one_cm":26392,"minecraft:sprint_one_cm":140501,"minecraft:walk_one_cm":202521,"minecraft:drop":47,"minecraft:play_time":92816,"minecraft:deaths":27,"minecraft:sneak_time":6548,"minecraft:walk_under_water_one_cm":26133,"minecraft:boat_one_cm":107191,"minecraft:jump":1492,"minecraft:walk_on_water_one_cm":8951,"minecraft:total_world_time":92816,"minecraft:interact_with_furnace":12,"minecraft:time_since_rest":1570,"minecraft:damage_taken":14586,"minecraft:damage_dealt":1427,"minecraft:player_kills":8,"minecraft:fly_one_cm":301255,"minecraft:swim_one_cm":40049,"minecraft:open_chest":13,"minecraft:crouch_one_cm":12809,"minecraft:fall_one_cm":67467,"minecraft:inspect_dispenser":1},"minecraft:mined":{"minecraft:ladder":1,"minecraft:granite":1,"minecraft:grass_block":3,"minecraft:spawner":2,"minecraft:furnace":2,"minecraft:rail":1,"minecraft:lantern":2,"minecraft:light_gray_concrete":1,"minecraft:stone":63,"minecraft:tripwire":2,"minecraft:red_bed":2,"minecraft:chiseled_quartz_block":3,"minecraft:crafting_table":7,"minecraft:torch":2,"biomesoplenty:fir_planks":17,"minecraft:campfire":1,"minecraft:glass":1,"minecraft:cobblestone":2,"minecraft:wall_torch":2,"minecraft:spruce_log":22,"biomesoplenty:fir_log":78,"minecraft:grass":7,"minecraft:oak_log":27,"biomesoplenty:fir_leaves":9,"minecraft:smooth_quartz":2,"minecraft:dirt":5,"minecraft:stone_bricks":2,"minecraft:fern":4},"minecraft:picked_up":{"minecraft:charcoal":2,"minecraft:crafting_table":10,"cgm:basic_bullet":28,"minecraft:ladder":2,"minecraft:wooden_pickaxe":2,"minecraft:string":2,"minecraft:red_bed":2,"minecraft:iron_leggings":1,"biomesoplenty:fir_planks":16,"minecraft:beef":3,"minecraft:observer":1,"minecraft:smooth_quartz":3,"minecraft:mangrove_log":2,"minecraft:furnace":4,"minecraft:raw_iron":12,"minecraft:stick":39,"minecraft:torch":4,"born_in_chaos_v1:pieceofdarkmetal":1,"minecraft:redstone":5,"minecraft:arrow":5,"minecraft:rotten_flesh":8,"minecraft:rail":1,"minecraft:cobblestone":75,"born_in_chaos_v1:corpse_maggot":2,"minecraft:chiseled_quartz_block":2,"alexsmobs:bear_fur":2,"biomesoplenty:fir_sapling":95,"biomesoplenty:fir_log":177,"minecraft:oak_log":27,"minecraft:gunpowder":1,"minecraft:dirt":2,"minecraft:lantern":2,"minecraft:bone":29,"minecraft:stone_bricks":2,"biomesoplenty:fir_boat":1,"minecraft:wheat_seeds":1,"minecraft:iron_ingot":2,"minecraft:stone_pickaxe":1,"born_in_chaos_v1:ethereal_spirit":2,"born_in_chaos_v1:dark_rod":1,"minecraft:spruce_sapling":4,"minecraft:spruce_log":22,"minecraft:dark_oak_log":1,"minecraft:spider_eye":2,"biomesoplenty:maple_sapling":13,"alexsmobs:moose_ribs":5,"lifesteal:heart_crystal":8,"minecraft:coal":129},"minecraft:crafted":{"minecraft:wooden_sword":1,"minecraft:furnace":4,"graveyard:bone_dagger":1,"minecraft:iron_boots":2,"minecraft:iron_axe":1,"minecraft:stone_pickaxe":2,"biomesoplenty:fir_boat":4,"minecraft:crafting_table":4,"minecraft:wooden_pickaxe":2,"minecraft:iron_helmet":2,"minecraft:iron_sword":1,"alexsmobs:cooked_moose_ribs":2,"minecraft:stone_axe":2,"minecraft:air":0,"biomesoplenty:fir_planks":216,"minecraft:iron_chestplate":2,"minecraft:shield":1,"minecraft:stick":12,"minecraft:iron_ingot":11,"minecraft:iron_pickaxe":1,"minecraft:wooden_axe":1,"minecraft:stone_sword":2,"minecraft:iron_leggings":1},"minecraft:used":{"minecraft:stone_sword":16,"minecraft:iron_sword":17,"minecraft:rotten_flesh":6,"minecraft:torch":4,"minecraft:dirt":2,"alexsmobs:moose_ribs":1,"minecraft:wooden_axe":2,"lifesteal:heart_crystal":15,"minecraft:iron_axe":23,"minecraft:lantern":1,"minecraft:smooth_quartz":1,"minecraft:stone_bricks":1,"minecraft:beef":3,"minecraft:furnace":3,"cgm:pistol":260,"minecraft:stone_pickaxe":46,"minecraft:wooden_pickaxe":27,"biomesoplenty:fir_planks":33,"biomesoplenty:fir_boat":4,"graveyard:bone_dagger":18,"minecraft:crafting_table":9,"minecraft:bread":3,"minecraft:iron_pickaxe":16,"minecraft:stone_axe":5,"alexsmobs:cooked_moose_ribs":2,"minecraft:cobblestone":16,"minecraft:bucket":1}},"DataVersion":3120}