{"stats":{"minecraft:dropped":{"minecraft:coal":52,"biomesoplenty:fir_sapling":14,"minecraft:stone_pickaxe":1,"minecraft:wooden_pickaxe":2},"minecraft:killed":{"alexsmobs:grizzly_bear":1,"born_in_chaos_v1:restless_spirit":1,"born_in_chaos_v1:baby_skeleton":1,"born_in_chaos_v1:decrepit_skeleton":2,"minecraft:skeleton":1,"creeping_x:creeping_x":1,"born_in_chaos_v1:dark_vortex":1,"minecraft:stray":1,"alexsmobs:moose":1,"minecraft:cow":1},"minecraft:killed_by":{"minecraft:player":5,"therake:the_rake":1,"nightmare:nightmare":1,"born_in_chaos_v1:glutton_fish":1,"nightmare_cantbreathe:nightmare_cantbreathe":1,"chasing_x:chasing_x":2,"goatman:goatman":1},"minecraft:custom":{"minecraft:interact_with_furnace":10,"minecraft:mob_kills":11,"minecraft:interact_with_crafting_table":19,"minecraft:leave_game":4,"minecraft:time_since_death":9981,"minecraft:climb_one_cm":252,"minecraft:time_since_rest":10015,"minecraft:sprint_one_cm":97061,"minecraft:damage_taken":10514,"minecraft:walk_one_cm":118712,"minecraft:drop":18,"minecraft:damage_dealt":425,"minecraft:swim_one_cm":2441,"minecraft:fly_one_cm":226780,"minecraft:player_kills":4,"minecraft:crouch_one_cm":8191,"minecraft:play_time":58379,"minecraft:deaths":15,"minecraft:sneak_time":3918,"minecraft:walk_under_water_one_cm":1468,"minecraft:boat_one_cm":1130,"minecraft:jump":1070,"minecraft:walk_on_water_one_cm":2522,"minecraft:total_world_time":58379,"minecraft:fall_one_cm":55825},"minecraft:mined":{"minecraft:crafting_table":6,"minecraft:torch":1,"minecraft:grass_block":3,"minecraft:cobblestone":2,"minecraft:wall_torch":1,"minecraft:spruce_log":22,"biomesoplenty:fir_log":78,"minecraft:grass":6,"minecraft:oak_log":27,"biomesoplenty:fir_leaves":9,"minecraft:rail":1,"minecraft:stone_bricks":1,"minecraft:stone":62,"minecraft:fern":4},"minecraft:picked_up":{"minecraft:crafting_table":6,"minecraft:wooden_pickaxe":2,"alexsmobs:bear_fur":2,"biomesoplenty:fir_sapling":95,"biomesoplenty:fir_log":177,"minecraft:oak_log":27,"minecraft:dirt":2,"minecraft:bone":4,"minecraft:stone_bricks":1,"minecraft:wheat_seeds":1,"biomesoplenty:fir_planks":1,"minecraft:beef":3,"minecraft:stone_pickaxe":1,"minecraft:stick":39,"minecraft:raw_iron":11,"minecraft:torch":2,"born_in_chaos_v1:ethereal_spirit":2,"born_in_chaos_v1:dark_rod":1,"minecraft:spruce_sapling":4,"minecraft:spruce_log":22,"biomesoplenty:maple_sapling":13,"minecraft:rotten_flesh":2,"alexsmobs:moose_ribs":3,"minecraft:coal":108,"minecraft:rail":1,"minecraft:cobblestone":75},"minecraft:crafted":{"minecraft:wooden_sword":1,"biomesoplenty:fir_boat":4,"minecraft:crafting_table":3,"minecraft:wooden_pickaxe":2,"minecraft:furnace":4,"minecraft:stone_axe":2,"minecraft:air":0,"biomesoplenty:fir_planks":88,"graveyard:bone_dagger":1,"minecraft:shield":1,"minecraft:iron_axe":1,"minecraft:stick":12,"minecraft:iron_pickaxe":1,"minecraft:iron_ingot":11,"minecraft:stone_pickaxe":2,"minecraft:wooden_axe":1,"minecraft:stone_sword":2},"minecraft:used":{"minecraft:stone_sword":16,"cgm:pistol":102,"minecraft:stone_pickaxe":46,"minecraft:wooden_pickaxe":27,"biomesoplenty:fir_planks":6,"biomesoplenty:fir_boat":3,"minecraft:rotten_flesh":2,"minecraft:torch":2,"minecraft:dirt":1,"minecraft:crafting_table":8,"alexsmobs:moose_ribs":1,"minecraft:wooden_axe":2,"lifesteal:heart_crystal":6,"minecraft:stone_bricks":1,"minecraft:stone_axe":5,"minecraft:cobblestone":16,"minecraft:beef":3,"minecraft:furnace":2}},"DataVersion":3120}