{"stats":{"minecraft:killed":{"alexsmobs:grizzly_bear":1,"born_in_chaos_v1:restless_spirit":1,"born_in_chaos_v1:baby_skeleton":1,"graveyard:revenant":1,"born_in_chaos_v1:zombie_bruiser":1,"born_in_chaos_v1:decrepit_skeleton":3,"minecraft:skeleton":8,"creeping_x:creeping_x":2,"minecraft:stray":1,"born_in_chaos_v1:dark_vortex":1,"alexsmobs:moose":2,"minecraft:drowned":2,"alexsmobs:crow":1,"minecraft:cow":1},"minecraft:dropped":{"minecraft:furnace":2,"minecraft:stone_axe":1,"minecraft:stone_sword":1,"minecraft:rail":1,"minecraft:coal":52,"biomesoplenty:fir_sapling":14,"biomesoplenty:fir_planks":1,"minecraft:dark_oak_log":1,"minecraft:mangrove_log":2,"minecraft:torch":1,"minecraft:charcoal":2,"minecraft:ladder":1,"minecraft:spider_eye":2,"minecraft:wooden_pickaxe":2,"minecraft:stone_pickaxe":2},"minecraft:killed_by":{"minecraft:player":9,"therake:the_rake":1,"minecraft:skeleton":2,"nightmare:nightmare":1,"born_in_chaos_v1:siamese_skeletons":1,"born_in_chaos_v1:glutton_fish":1,"nightmare_cantbreathe:nightmare_cantbreathe":1,"chasing_x:chasing_x":2,"goatman:goatman":1},"minecraft:custom":{"minecraft:interact_with_furnace":12,"minecraft:mob_kills":29,"minecraft:interact_with_crafting_table":20,"minecraft:damage_dealt_resisted":910,"minecraft:leave_game":4,"minecraft:time_since_death":1257,"minecraft:climb_one_cm":26392,"minecraft:time_since_rest":1368,"minecraft:sprint_one_cm":134252,"minecraft:damage_taken":12612,"minecraft:walk_one_cm":182797,"minecraft:drop":34,"minecraft:damage_dealt":1141,"minecraft:swim_one_cm":20408,"minecraft:fly_one_cm":293935,"minecraft:player_kills":7,"minecraft:open_chest":9,"minecraft:crouch_one_cm":10553,"minecraft:play_time":82889,"minecraft:deaths":23,"minecraft:sneak_time":5829,"minecraft:walk_under_water_one_cm":23101,"minecraft:boat_one_cm":48051,"minecraft:jump":1437,"minecraft:walk_on_water_one_cm":6363,"minecraft:total_world_time":82889,"minecraft:inspect_dispenser":1,"minecraft:fall_one_cm":65737},"minecraft:mined":{"minecraft:red_bed":2,"minecraft:crafting_table":6,"minecraft:torch":2,"minecraft:ladder":1,"minecraft:granite":1,"minecraft:grass_block":3,"biomesoplenty:fir_planks":11,"minecraft:campfire":1,"minecraft:glass":1,"minecraft:cobblestone":2,"minecraft:wall_torch":2,"minecraft:spawner":2,"minecraft:furnace":2,"minecraft:spruce_log":22,"biomesoplenty:fir_log":78,"minecraft:grass":7,"minecraft:oak_log":27,"biomesoplenty:fir_leaves":9,"minecraft:rail":1,"minecraft:lantern":1,"minecraft:light_gray_concrete":1,"minecraft:dirt":5,"minecraft:stone":63,"minecraft:stone_bricks":2,"minecraft:tripwire":2,"minecraft:fern":4},"minecraft:picked_up":{"minecraft:charcoal":2,"minecraft:crafting_table":6,"minecraft:ladder":2,"minecraft:wooden_pickaxe":2,"biomesoplenty:fir_log":177,"biomesoplenty:fir_sapling":95,"alexsmobs:bear_fur":2,"minecraft:oak_log":27,"minecraft:gunpowder":1,"minecraft:string":2,"minecraft:red_bed":2,"minecraft:dirt":2,"minecraft:lantern":1,"minecraft:bone":24,"minecraft:stone_bricks":2,"minecraft:wheat_seeds":1,"biomesoplenty:fir_planks":11,"minecraft:iron_ingot":2,"minecraft:beef":3,"minecraft:stone_pickaxe":1,"minecraft:mangrove_log":2,"minecraft:furnace":4,"minecraft:stick":39,"minecraft:raw_iron":12,"minecraft:torch":4,"born_in_chaos_v1:ethereal_spirit":2,"born_in_chaos_v1:dark_rod":1,"minecraft:spruce_sapling":4,"minecraft:dark_oak_log":1,"born_in_chaos_v1:pieceofdarkmetal":1,"minecraft:spruce_log":22,"minecraft:spider_eye":2,"biomesoplenty:maple_sapling":13,"minecraft:rotten_flesh":8,"alexsmobs:moose_ribs":5,"lifesteal:heart_crystal":8,"minecraft:coal":129,"minecraft:rail":1,"minecraft:cobblestone":75},"minecraft:crafted":{"minecraft:wooden_sword":1,"biomesoplenty:fir_boat":4,"minecraft:crafting_table":3,"minecraft:wooden_pickaxe":2,"minecraft:iron_sword":1,"alexsmobs:cooked_moose_ribs":2,"minecraft:furnace":4,"minecraft:stone_axe":2,"minecraft:air":0,"biomesoplenty:fir_planks":216,"graveyard:bone_dagger":1,"minecraft:shield":1,"minecraft:iron_axe":1,"minecraft:stick":12,"minecraft:iron_ingot":11,"minecraft:iron_pickaxe":1,"minecraft:stone_pickaxe":2,"minecraft:wooden_axe":1,"minecraft:stone_sword":2},"minecraft:used":{"minecraft:stone_sword":16,"cgm:pistol":222,"minecraft:stone_pickaxe":46,"minecraft:wooden_pickaxe":27,"minecraft:iron_sword":8,"biomesoplenty:fir_planks":31,"biomesoplenty:fir_boat":3,"minecraft:rotten_flesh":2,"graveyard:bone_dagger":18,"minecraft:torch":4,"minecraft:dirt":2,"minecraft:crafting_table":8,"alexsmobs:moose_ribs":1,"minecraft:wooden_axe":2,"lifesteal:heart_crystal":15,"minecraft:iron_axe":16,"minecraft:bread":2,"minecraft:iron_pickaxe":10,"minecraft:stone_bricks":1,"minecraft:stone_axe":5,"alexsmobs:cooked_moose_ribs":2,"minecraft:cobblestone":16,"minecraft:beef":3,"minecraft:furnace":3}},"DataVersion":3120}