{"stats":{"minecraft:killed_by":{"minecraft:skeleton":1,"minecraft:player":1},"minecraft:custom":{"minecraft:time_since_rest":1365,"minecraft:crouch_one_cm":73,"minecraft:sprint_one_cm":24468,"minecraft:play_time":12360,"minecraft:deaths":2,"minecraft:damage_taken":483,"minecraft:walk_one_cm":43891,"minecraft:sneak_time":20,"minecraft:jump":241,"minecraft:damage_dealt":10,"minecraft:leave_game":2,"minecraft:time_since_death":1142,"minecraft:total_world_time":12360,"minecraft:interact_with_crafting_table":4,"minecraft:fall_one_cm":6779,"minecraft:fly_one_cm":29576},"minecraft:mined":{"biomesoplenty:fir_log":20,"minecraft:crafting_table":1},"minecraft:picked_up":{"minecraft:crafting_table":1,"minecraft:stick":18,"minecraft:wheat_seeds":1,"biomesoplenty:fir_planks":12,"biomesoplenty:fir_sapling":6,"biomesoplenty:fir_log":20},"minecraft:crafted":{"biomesoplenty:fir_planks":20,"minecraft:crafting_table":1,"minecraft:wooden_axe":1},"minecraft:used":{"minecraft:wooden_axe":1,"lifesteal:heart_crystal":1,"minecraft:crafting_table":1,"biomesoplenty:fir_sapling":1,"alexsmobs:animal_dictionary":1}},"DataVersion":3120}