{"stats":{"minecraft:killed":{"born_in_chaos_v1:corpse_fly":1},"minecraft:dropped":{"biomesoplenty:fir_planks":1},"minecraft:broken":{"minecraft:wooden_axe":1},"minecraft:killed_by":{"minecraft:player":1,"minecraft:skeleton":2,"minecraft:zombie":1},"minecraft:custom":{"minecraft:time_since_rest":602,"minecraft:interact_with_furnace":1,"minecraft:sprint_one_cm":49319,"minecraft:damage_taken":1073,"minecraft:walk_one_cm":119957,"minecraft:mob_kills":1,"minecraft:drop":1,"minecraft:damage_dealt":145,"minecraft:interact_with_crafting_table":6,"minecraft:fly_one_cm":65600,"minecraft:open_chest":2,"minecraft:crouch_one_cm":900,"minecraft:play_time":38918,"minecraft:deaths":5,"minecraft:sneak_time":263,"minecraft:jump":604,"minecraft:leave_game":3,"minecraft:walk_on_water_one_cm":212,"minecraft:time_since_death":527,"minecraft:total_world_time":38918,"minecraft:fall_one_cm":16814},"minecraft:mined":{"biomesoplenty:fir_log":81,"minecraft:crafting_table":2,"minecraft:grass":5,"biomesoplenty:fir_planks":2,"minecraft:coal_ore":7,"minecraft:stone":1,"minecraft:fern":1},"minecraft:picked_up":{"born_in_chaos_v1:corpse_maggot":1,"minecraft:stick":46,"minecraft:crafting_table":2,"biomesoplenty:fir_sapling":35,"biomesoplenty:fir_log":81,"minecraft:wheat_seeds":2,"biomesoplenty:fir_planks":16,"minecraft:coal":7,"minecraft:cobblestone":1},"minecraft:crafted":{"biomesoplenty:fir_planks":32,"minecraft:crafting_table":1,"minecraft:wooden_pickaxe":1,"minecraft:wooden_axe":1,"minecraft:torch":4},"minecraft:used":{"born_in_chaos_v1:corpse_maggot":1,"minecraft:wooden_axe":1,"lifesteal:heart_crystal":1,"biomesoplenty:fir_sapling":1,"minecraft:wooden_pickaxe":8,"biomesoplenty:fir_planks":18,"minecraft:torch":3,"minecraft:crafting_table":2,"alexsmobs:animal_dictionary":2}},"DataVersion":3120}