{"stats":{"minecraft:killed":{"born_in_chaos_v1:corpse_fly":1},"minecraft:dropped":{"biomesoplenty:fir_planks":1},"minecraft:broken":{"minecraft:wooden_axe":1},"minecraft:killed_by":{"minecraft:player":1,"minecraft:skeleton":2,"minecraft:zombie":1},"minecraft:custom":{"minecraft:time_since_rest":5697,"minecraft:sprint_one_cm":49319,"minecraft:damage_taken":1003,"minecraft:walk_one_cm":99741,"minecraft:mob_kills":1,"minecraft:drop":1,"minecraft:damage_dealt":145,"minecraft:interact_with_crafting_table":5,"minecraft:fly_one_cm":65474,"minecraft:open_chest":1,"minecraft:crouch_one_cm":73,"minecraft:play_time":26918,"minecraft:deaths":4,"minecraft:sneak_time":20,"minecraft:jump":553,"minecraft:leave_game":3,"minecraft:walk_on_water_one_cm":212,"minecraft:time_since_death":5650,"minecraft:total_world_time":26918,"minecraft:fall_one_cm":15769},"minecraft:mined":{"biomesoplenty:fir_log":81,"minecraft:crafting_table":2,"minecraft:grass":5,"biomesoplenty:fir_planks":2,"minecraft:coal_ore":7,"minecraft:stone":1,"minecraft:fern":1},"minecraft:picked_up":{"born_in_chaos_v1:corpse_maggot":1,"minecraft:stick":46,"minecraft:crafting_table":2,"biomesoplenty:fir_sapling":35,"biomesoplenty:fir_log":81,"minecraft:wheat_seeds":2,"biomesoplenty:fir_planks":15,"minecraft:coal":7,"minecraft:cobblestone":1},"minecraft:crafted":{"biomesoplenty:fir_planks":24,"minecraft:crafting_table":1,"minecraft:wooden_pickaxe":1,"minecraft:wooden_axe":1},"minecraft:used":{"minecraft:wooden_axe":1,"lifesteal:heart_crystal":1,"biomesoplenty:fir_sapling":1,"minecraft:wooden_pickaxe":8,"biomesoplenty:fir_planks":15,"minecraft:crafting_table":2,"alexsmobs:animal_dictionary":1}},"DataVersion":3120}