{"stats":{"minecraft:dropped":{"biomesoplenty:fir_planks":1},"minecraft:broken":{"minecraft:wooden_axe":1},"minecraft:killed_by":{"minecraft:skeleton":2,"minecraft:zombie":1,"minecraft:player":1},"minecraft:custom":{"minecraft:time_since_rest":496,"minecraft:crouch_one_cm":73,"minecraft:sprint_one_cm":44967,"minecraft:play_time":21717,"minecraft:damage_taken":863,"minecraft:deaths":4,"minecraft:walk_one_cm":75811,"minecraft:sneak_time":20,"minecraft:drop":1,"minecraft:jump":458,"minecraft:damage_dealt":49,"minecraft:walk_on_water_one_cm":194,"minecraft:leave_game":3,"minecraft:time_since_death":449,"minecraft:total_world_time":21717,"minecraft:interact_with_crafting_table":4,"minecraft:fall_one_cm":13294,"minecraft:fly_one_cm":61589},"minecraft:mined":{"minecraft:grass":4,"biomesoplenty:fir_planks":2,"minecraft:fern":1,"biomesoplenty:fir_log":81,"minecraft:crafting_table":1},"minecraft:picked_up":{"minecraft:crafting_table":1,"minecraft:stick":36,"minecraft:wheat_seeds":2,"biomesoplenty:fir_planks":15,"biomesoplenty:fir_sapling":35,"biomesoplenty:fir_log":81},"minecraft:crafted":{"biomesoplenty:fir_planks":20,"minecraft:crafting_table":1,"minecraft:wooden_axe":1},"minecraft:used":{"minecraft:wooden_axe":1,"lifesteal:heart_crystal":1,"minecraft:crafting_table":1,"biomesoplenty:fir_sapling":1,"alexsmobs:animal_dictionary":1,"biomesoplenty:fir_planks":15}},"DataVersion":3120}