{"stats":{"minecraft:killed":{"born_in_chaos_v1:corpse_fly":1},"minecraft:dropped":{"biomesoplenty:fir_planks":1},"minecraft:broken":{"minecraft:wooden_axe":1},"minecraft:killed_by":{"minecraft:player":2,"born_in_chaos_v1:dread_hound":1,"minecraft:skeleton":3,"minecraft:creeper":1,"minecraft:zombie":1},"minecraft:custom":{"minecraft:time_since_rest":0,"minecraft:interact_with_furnace":1,"minecraft:sprint_one_cm":59322,"minecraft:damage_taken":1823,"minecraft:walk_one_cm":130834,"minecraft:mob_kills":1,"minecraft:drop":1,"minecraft:damage_dealt":190,"minecraft:interact_with_crafting_table":6,"minecraft:fly_one_cm":86275,"minecraft:open_chest":2,"minecraft:crouch_one_cm":900,"minecraft:play_time":41648,"minecraft:deaths":11,"minecraft:sneak_time":263,"minecraft:jump":738,"minecraft:leave_game":4,"minecraft:walk_on_water_one_cm":212,"minecraft:time_since_death":0,"minecraft:total_world_time":41648,"minecraft:fall_one_cm":24745},"minecraft:mined":{"biomesoplenty:fir_log":81,"minecraft:crafting_table":2,"minecraft:grass":6,"biomesoplenty:fir_planks":2,"minecraft:coal_ore":7,"minecraft:stone":1,"minecraft:fern":1},"minecraft:picked_up":{"born_in_chaos_v1:corpse_maggot":1,"minecraft:stick":46,"minecraft:crafting_table":2,"biomesoplenty:fir_sapling":35,"biomesoplenty:fir_log":81,"minecraft:wheat_seeds":2,"biomesoplenty:fir_planks":16,"minecraft:coal":7,"minecraft:cobblestone":1},"minecraft:crafted":{"biomesoplenty:fir_planks":32,"minecraft:crafting_table":1,"minecraft:wooden_pickaxe":1,"minecraft:wooden_axe":1,"minecraft:torch":4},"minecraft:used":{"born_in_chaos_v1:corpse_maggot":1,"minecraft:wooden_axe":1,"lifesteal:heart_crystal":1,"biomesoplenty:fir_sapling":1,"minecraft:wooden_pickaxe":8,"biomesoplenty:fir_planks":18,"minecraft:torch":3,"minecraft:crafting_table":2,"alexsmobs:animal_dictionary":2}},"DataVersion":3120}