{"stats":{"minecraft:used":{"minecraft:stone_sword":2,"minecraft:bread":2,"minecraft:stone_pickaxe":41,"minecraft:wooden_pickaxe":5,"biomesoplenty:fir_planks":43,"minecraft:stone_axe":12,"minecraft:crafting_table":3,"biomesoplenty:fir_log":1},"minecraft:custom":{"minecraft:time_since_rest":10028,"minecraft:sprint_one_cm":24513,"minecraft:damage_taken":50,"minecraft:walk_one_cm":17453,"minecraft:drop":1,"minecraft:damage_dealt":123,"minecraft:interact_with_crafting_table":5,"minecraft:fly_one_cm":55535,"minecraft:open_chest":1,"minecraft:crouch_one_cm":6385,"minecraft:play_time":10028,"minecraft:sneak_time":2459,"minecraft:jump":253,"minecraft:leave_game":2,"minecraft:time_since_death":10028,"minecraft:total_world_time":10028,"minecraft:fall_one_cm":8322},"minecraft:broken":{"minecraft:stone_axe":1},"minecraft:dropped":{"biomesoplenty:fir_sapling":20},"minecraft:mined":{"minecraft:spruce_stairs":2,"minecraft:furnace":1,"minecraft:black_bed":1,"biomesoplenty:fir_log":386,"minecraft:crafting_table":2,"minecraft:grass":1,"minecraft:dirt":1,"minecraft:stone":45,"minecraft:blue_bed":1,"minecraft:fern":1},"minecraft:crafted":{"biomesoplenty:fir_planks":84,"minecraft:stone_shovel":1,"minecraft:crafting_table":2,"minecraft:wooden_pickaxe":1,"minecraft:stone_pickaxe":1,"minecraft:stone_sword":1,"minecraft:stone_axe":2},"minecraft:picked_up":{"minecraft:stick":46,"minecraft:crafting_table":2,"minecraft:black_bed":1,"minecraft:spruce_stairs":2,"biomesoplenty:fir_log":381,"biomesoplenty:fir_sapling":168,"minecraft:dirt":5,"minecraft:blue_bed":1,"minecraft:wheat_seeds":1,"biomesoplenty:fir_planks":2,"minecraft:cobblestone":45,"minecraft:furnace":1}},"DataVersion":3120}