{"stats":{"minecraft:used":{"minecraft:dirt":1,"minecraft:crafting_table":1,"minecraft:wooden_pickaxe":15},"minecraft:mined":{"minecraft:grass":3,"minecraft:grass_block":4,"biomesoplenty:fir_leaves":4,"minecraft:dirt":6,"minecraft:stone":6,"biomesoplenty:fir_log":5},"minecraft:crafted":{"biomesoplenty:fir_planks":20,"minecraft:crafting_table":1,"minecraft:stick":4,"minecraft:wooden_pickaxe":1},"minecraft:custom":{"minecraft:time_since_rest":2456,"minecraft:crouch_one_cm":293,"minecraft:play_time":2456,"minecraft:sprint_one_cm":615,"minecraft:damage_taken":10,"minecraft:walk_one_cm":5098,"minecraft:sneak_time":37,"minecraft:jump":9,"minecraft:leave_game":2,"minecraft:time_since_death":2456,"minecraft:total_world_time":2456,"minecraft:interact_with_crafting_table":1,"minecraft:fall_one_cm":335,"minecraft:fly_one_cm":890},"minecraft:picked_up":{"biomesoplenty:fir_sapling":1,"biomesoplenty:fir_log":5,"minecraft:dirt":10,"minecraft:cobblestone":6}},"DataVersion":3120}