{"stats":{"minecraft:killed":{"graveyard:skeleton_creeper":1,"born_in_chaos_v1:restless_spirit":1,"graveyard:revenant":1,"whispering_spirits:whispering_spirit":1,"minecraft:spider":3,"born_in_chaos_v1:siamese_skeletonsright":1,"born_in_chaos_v1:maggot":4,"minecraft:skeleton":10,"born_in_chaos_v1:skeleton_thrasher":1,"minecraft:magma_cube":5,"minecraft:pig":2,"graveyard:ghoul":1,"minecraft:zombie_villager":1,"minecraft:creeper":1,"minecraft:zombie":3,"born_in_chaos_v1:corpse_fly":1,"creeping_x:creeping_x":1,"alexsmobs:moose":1,"born_in_chaos_v1:siamese_skeletonsleft":1},"minecraft:dropped":{"biomesoplenty:fir_log":99,"minecraft:wheat_seeds":4,"minecraft:lapis_lazuli":51,"lifesteal:heart_crystal":4,"graveyard:bone_dagger":1,"minecraft:rail":1,"minecraft:coal":21,"biomesoplenty:fir_sapling":192,"minecraft:stick":36,"minecraft:dirt":7,"minecraft:torch":1,"minecraft:smooth_quartz":4,"minecraft:iron_leggings":2,"minecraft:string":6,"minecraft:bone":4,"biomesoplenty:toadstool":2,"minecraft:furnace":4,"minecraft:stone_axe":1,"minecraft:chiseled_quartz_block":4,"minecraft:stone_sword":1,"minecraft:raw_copper":13,"minecraft:rotten_flesh":16,"minecraft:light_gray_concrete":1,"biomesoplenty:glowing_moss_carpet":2,"biomesoplenty:fir_planks":33,"cgm:basic_bullet":30,"minecraft:charcoal":5,"minecraft:mossy_stone_bricks":2,"minecraft:ladder":2,"minecraft:spider_eye":2,"minecraft:wooden_pickaxe":3,"minecraft:stone_pickaxe":4,"minecraft:stone_brick_stairs":1,"lifesteal:revive_head":1},"minecraft:broken":{"minecraft:stone_sword":1,"minecraft:iron_boots":1,"minecraft:stone_axe":1},"minecraft:killed_by":{"alexsmobs:skelewag":1,"minecraft:player":9,"minecraft:creeper":2,"chasing_x:chasing_x":2,"goatman:goatman":1,"steve_dweller:steve_dweller":1,"graveyard:skeleton_creeper":1,"man:managgresive":2,"minecraft:skeleton":2},"minecraft:custom":{"minecraft:mob_kills":39,"minecraft:inspect_hopper":2,"minecraft:interact_with_crafting_table":37,"minecraft:damage_dealt_resisted":930,"minecraft:leave_game":10,"minecraft:time_since_death":3077,"minecraft:climb_one_cm":35156,"minecraft:sprint_one_cm":337471,"minecraft:walk_one_cm":188448,"minecraft:drop":76,"minecraft:play_time":121808,"minecraft:deaths":24,"minecraft:sneak_time":5719,"minecraft:walk_under_water_one_cm":13009,"minecraft:boat_one_cm":2808,"minecraft:jump":1963,"minecraft:walk_on_water_one_cm":13752,"minecraft:total_world_time":121808,"minecraft:interact_with_furnace":29,"minecraft:tune_noteblock":4,"minecraft:time_since_rest":3105,"minecraft:waystone_activated":1,"minecraft:damage_taken":10689,"minecraft:damage_dealt":4210,"minecraft:swim_one_cm":29829,"minecraft:fly_one_cm":487625,"minecraft:player_kills":12,"minecraft:open_chest":8,"minecraft:crouch_one_cm":15732,"minecraft:fall_one_cm":72919,"minecraft:inspect_dispenser":4},"minecraft:mined":{"minecraft:spruce_planks":2,"minecraft:grass_block":14,"minecraft:coal_block":4,"minecraft:red_stained_glass_pane":1,"minecraft:spawner":2,"minecraft:hay_block":1,"minecraft:black_stained_glass_pane":1,"minecraft:furnace":6,"biomesoplenty:toadstool":1,"lifesteal:revive_head":1,"minecraft:light_gray_concrete":5,"lifesteal:deepslate_heart_ore":1,"minecraft:stone":93,"minecraft:spruce_slab":1,"biomesoplenty:glowing_moss_carpet":1,"minecraft:observer":2,"minecraft:chiseled_quartz_block":4,"minecraft:crafting_table":13,"minecraft:torch":4,"biomesoplenty:fir_planks":10,"minecraft:campfire":6,"minecraft:glass":1,"minecraft:cobblestone":6,"minecraft:wall_torch":5,"minecraft:light_gray_stained_glass":2,"minecraft:stone_brick_stairs":1,"biomesoplenty:fir_log":322,"minecraft:grass":16,"biomesoplenty:fir_leaves":27,"minecraft:dirt":27,"minecraft:smooth_quartz":18,"minecraft:cobweb":1,"minecraft:mossy_stone_bricks":2,"minecraft:fern":10},"minecraft:picked_up":{"minecraft:charcoal":15,"minecraft:iron_chestplate":1,"minecraft:crafting_table":10,"cgm:basic_bullet":1,"minecraft:ladder":2,"minecraft:wooden_pickaxe":2,"minecraft:stone_brick_stairs":1,"lifesteal:revive_head":1,"minecraft:red_bed":1,"minecraft:string":7,"minecraft:raw_copper":13,"minecraft:iron_leggings":2,"biomesoplenty:fir_planks":12,"minecraft:spruce_planks":2,"minecraft:observer":1,"minecraft:spruce_slab":1,"minecraft:smooth_quartz":20,"minecraft:coal_block":4,"minecraft:iron_boots":1,"minecraft:furnace":10,"minecraft:raw_iron":20,"minecraft:stick":100,"lifesteal:heart_fragment":1,"minecraft:torch":9,"minecraft:porkchop":4,"minecraft:stone_sword":1,"minecraft:arrow":9,"minecraft:rotten_flesh":15,"minecraft:hay_block":2,"minecraft:rail":1,"minecraft:cobblestone":84,"born_in_chaos_v1:fused_bone":2,"born_in_chaos_v1:corpse_maggot":4,"minecraft:chiseled_quartz_block":9,"biomesoplenty:fir_sapling":192,"biomesoplenty:fir_log":325,"minecraft:lapis_lazuli":179,"minecraft:dirt":44,"biomesoplenty:glowing_moss_carpet":2,"minecraft:bone":11,"minecraft:wheat_seeds":5,"biomesoplenty:fir_boat":1,"minecraft:iron_ingot":3,"minecraft:stone_pickaxe":2,"minecraft:mossy_stone_bricks":2,"biomesoplenty:toadstool":2,"born_in_chaos_v1:ethereal_spirit":2,"minecraft:spider_eye":2,"minecraft:light_gray_concrete":5,"minecraft:stone_axe":1,"waystones:waystone":2,"minecraft:iron_helmet":1,"alexsmobs:moose_ribs":1,"lifesteal:heart_crystal":6,"minecraft:coal":190},"minecraft:crafted":{"minecraft:wooden_sword":1,"minecraft:furnace":3,"graveyard:bone_dagger":1,"minecraft:iron_boots":1,"born_in_chaos_v1:fried_maggot":4,"minecraft:stone_pickaxe":3,"minecraft:wheat":9,"biomesoplenty:fir_boat":2,"minecraft:cooked_porkchop":4,"minecraft:crafting_table":6,"minecraft:wooden_pickaxe":2,"alexsmobs:cooked_moose_ribs":2,"minecraft:bucket":1,"minecraft:campfire":8,"minecraft:stone_axe":3,"minecraft:bread":3,"minecraft:air":0,"biomesoplenty:fir_planks":268,"minecraft:shield":1,"minecraft:stick":20,"minecraft:iron_pickaxe":1,"minecraft:iron_ingot":15,"minecraft:stone_sword":2,"minecraft:iron_leggings":1,"minecraft:torch":56},"minecraft:used":{"minecraft:stone_sword":134,"born_in_chaos_v1:fried_maggot":4,"minecraft:torch":17,"minecraft:dirt":40,"lifesteal:heart_crystal":14,"minecraft:smooth_quartz":2,"minecraft:furnace":7,"minecraft:water_bucket":7,"cgm:pistol":193,"minecraft:stone_pickaxe":87,"minecraft:wooden_pickaxe":42,"biomesoplenty:fir_planks":185,"biomesoplenty:fir_boat":3,"minecraft:crafting_table":14,"minecraft:campfire":7,"minecraft:chiseled_quartz_block":4,"waystones:waystone":1,"minecraft:bread":1,"minecraft:iron_pickaxe":65,"minecraft:stone_axe":43,"alexsmobs:cooked_moose_ribs":2,"minecraft:wooden_sword":11,"minecraft:cobblestone":33,"minecraft:cooked_porkchop":4,"minecraft:bucket":8,"biomesoplenty:fir_log":5}},"DataVersion":3120}