{"stats":{"minecraft:killed":{"minecraft:pig":2,"graveyard:ghoul":1,"graveyard:skeleton_creeper":1,"whispering_spirits:whispering_spirit":1,"born_in_chaos_v1:corpse_fly":1,"alexsmobs:moose":1},"minecraft:dropped":{"biomesoplenty:fir_log":99,"minecraft:wheat_seeds":2,"biomesoplenty:fir_sapling":23,"minecraft:wooden_pickaxe":1,"minecraft:bone":1},"minecraft:broken":{"minecraft:stone_axe":1},"minecraft:killed_by":{"man:managgresive":1,"minecraft:player":5,"minecraft:creeper":1,"goatman:goatman":1},"minecraft:custom":{"minecraft:interact_with_furnace":7,"minecraft:mob_kills":7,"minecraft:interact_with_crafting_table":18,"minecraft:leave_game":8,"minecraft:time_since_death":6784,"minecraft:climb_one_cm":2220,"minecraft:time_since_rest":6816,"minecraft:waystone_activated":1,"minecraft:sprint_one_cm":142364,"minecraft:damage_taken":2544,"minecraft:walk_one_cm":71308,"minecraft:drop":8,"minecraft:damage_dealt":634,"minecraft:swim_one_cm":3706,"minecraft:fly_one_cm":297103,"minecraft:player_kills":6,"minecraft:open_chest":1,"minecraft:crouch_one_cm":3207,"minecraft:play_time":52020,"minecraft:deaths":9,"minecraft:sneak_time":1339,"minecraft:walk_under_water_one_cm":1894,"minecraft:boat_one_cm":462,"minecraft:jump":1006,"minecraft:walk_on_water_one_cm":3583,"minecraft:total_world_time":52020,"minecraft:fall_one_cm":39829},"minecraft:mined":{"minecraft:crafting_table":8,"minecraft:grass_block":13,"biomesoplenty:fir_planks":3,"minecraft:wall_torch":1,"minecraft:furnace":1,"biomesoplenty:fir_log":322,"minecraft:grass":14,"biomesoplenty:fir_leaves":13,"minecraft:dirt":24,"minecraft:stone":88,"minecraft:fern":8},"minecraft:picked_up":{"born_in_chaos_v1:corpse_maggot":1,"minecraft:crafting_table":8,"minecraft:wooden_pickaxe":1,"biomesoplenty:fir_sapling":112,"biomesoplenty:fir_log":325,"minecraft:dirt":33,"minecraft:raw_copper":13,"minecraft:bone":4,"minecraft:wheat_seeds":3,"biomesoplenty:fir_planks":4,"minecraft:furnace":1,"minecraft:raw_iron":3,"minecraft:stick":64,"minecraft:torch":1,"minecraft:porkchop":4,"minecraft:arrow":1,"minecraft:rotten_flesh":4,"waystones:waystone":2,"alexsmobs:moose_ribs":1,"minecraft:coal":94,"minecraft:cobblestone":76},"minecraft:crafted":{"biomesoplenty:fir_boat":1,"minecraft:cooked_porkchop":4,"minecraft:crafting_table":4,"minecraft:wooden_pickaxe":2,"alexsmobs:cooked_moose_ribs":2,"minecraft:furnace":2,"minecraft:campfire":2,"minecraft:stone_axe":3,"minecraft:air":0,"biomesoplenty:fir_planks":48,"minecraft:stick":20,"born_in_chaos_v1:fried_maggot":1,"minecraft:stone_pickaxe":3,"minecraft:stone_sword":2},"minecraft:used":{"minecraft:stone_sword":21,"cgm:pistol":42,"minecraft:stone_pickaxe":81,"minecraft:wooden_pickaxe":42,"biomesoplenty:fir_boat":1,"born_in_chaos_v1:fried_maggot":1,"minecraft:torch":1,"minecraft:dirt":29,"minecraft:crafting_table":9,"minecraft:campfire":1,"waystones:waystone":1,"lifesteal:heart_crystal":2,"minecraft:stone_axe":17,"alexsmobs:cooked_moose_ribs":2,"minecraft:cobblestone":33,"minecraft:furnace":2,"minecraft:cooked_porkchop":1,"biomesoplenty:fir_log":3}},"DataVersion":3120}