{"stats":{"minecraft:killed":{"minecraft:pig":2,"graveyard:ghoul":1,"graveyard:skeleton_creeper":1,"minecraft:zombie_villager":1,"born_in_chaos_v1:restless_spirit":1,"whispering_spirits:whispering_spirit":1,"minecraft:spider":2,"born_in_chaos_v1:maggot":2,"minecraft:skeleton":1,"minecraft:zombie":2,"born_in_chaos_v1:corpse_fly":1,"creeping_x:creeping_x":1,"alexsmobs:moose":1},"minecraft:dropped":{"biomesoplenty:fir_log":99,"minecraft:wheat_seeds":4,"minecraft:lapis_lazuli":51,"minecraft:raw_copper":13,"minecraft:rotten_flesh":15,"biomesoplenty:fir_sapling":192,"biomesoplenty:glowing_moss_carpet":2,"minecraft:stick":35,"minecraft:dirt":7,"biomesoplenty:fir_planks":33,"minecraft:torch":1,"minecraft:mossy_stone_bricks":2,"minecraft:spider_eye":1,"minecraft:stone_pickaxe":2,"minecraft:wooden_pickaxe":3,"minecraft:string":5,"lifesteal:revive_head":1,"minecraft:bone":4},"minecraft:broken":{"minecraft:stone_axe":1},"minecraft:killed_by":{"man:managgresive":1,"alexsmobs:skelewag":1,"minecraft:player":5,"minecraft:creeper":2,"chasing_x:chasing_x":2,"goatman:goatman":1,"steve_dweller:steve_dweller":1,"graveyard:skeleton_creeper":1},"minecraft:custom":{"minecraft:interact_with_furnace":21,"minecraft:mob_kills":18,"minecraft:interact_with_crafting_table":31,"minecraft:damage_dealt_resisted":20,"minecraft:leave_game":9,"minecraft:time_since_death":1396,"minecraft:climb_one_cm":2950,"minecraft:time_since_rest":1464,"minecraft:waystone_activated":1,"minecraft:sprint_one_cm":248263,"minecraft:damage_taken":8709,"minecraft:walk_one_cm":132684,"minecraft:drop":41,"minecraft:damage_dealt":2257,"minecraft:player_kills":7,"minecraft:swim_one_cm":4967,"minecraft:fly_one_cm":394626,"minecraft:open_chest":2,"minecraft:crouch_one_cm":8710,"minecraft:play_time":87881,"minecraft:deaths":16,"minecraft:sneak_time":3909,"minecraft:walk_under_water_one_cm":2347,"minecraft:boat_one_cm":1488,"minecraft:jump":1501,"minecraft:walk_on_water_one_cm":3624,"minecraft:total_world_time":87881,"minecraft:fall_one_cm":53427},"minecraft:mined":{"biomesoplenty:glowing_moss_carpet":1,"minecraft:crafting_table":9,"minecraft:torch":3,"minecraft:grass_block":13,"biomesoplenty:fir_planks":5,"minecraft:campfire":1,"minecraft:cobblestone":6,"minecraft:wall_torch":2,"minecraft:furnace":5,"biomesoplenty:fir_log":322,"lifesteal:revive_head":1,"minecraft:grass":14,"biomesoplenty:fir_leaves":27,"lifesteal:deepslate_heart_ore":1,"minecraft:dirt":24,"minecraft:stone":88,"minecraft:mossy_stone_bricks":2,"minecraft:fern":10},"minecraft:picked_up":{"born_in_chaos_v1:corpse_maggot":3,"minecraft:charcoal":2,"minecraft:crafting_table":9,"minecraft:wooden_pickaxe":2,"biomesoplenty:fir_sapling":192,"biomesoplenty:fir_log":325,"lifesteal:revive_head":1,"minecraft:lapis_lazuli":179,"minecraft:dirt":40,"minecraft:string":5,"minecraft:raw_copper":13,"biomesoplenty:glowing_moss_carpet":2,"minecraft:bone":7,"biomesoplenty:fir_boat":1,"minecraft:wheat_seeds":5,"biomesoplenty:fir_planks":5,"minecraft:iron_ingot":3,"minecraft:stone_pickaxe":1,"minecraft:mossy_stone_bricks":2,"minecraft:furnace":5,"minecraft:stick":99,"minecraft:raw_iron":20,"lifesteal:heart_fragment":1,"minecraft:torch":5,"born_in_chaos_v1:ethereal_spirit":2,"minecraft:porkchop":4,"minecraft:spider_eye":1,"minecraft:arrow":2,"minecraft:rotten_flesh":15,"waystones:waystone":2,"alexsmobs:moose_ribs":1,"lifesteal:heart_crystal":4,"minecraft:coal":169,"minecraft:cobblestone":79},"minecraft:crafted":{"biomesoplenty:fir_boat":1,"minecraft:cooked_porkchop":4,"minecraft:crafting_table":5,"minecraft:wooden_pickaxe":2,"alexsmobs:cooked_moose_ribs":2,"minecraft:furnace":3,"minecraft:bucket":1,"minecraft:campfire":5,"minecraft:stone_axe":3,"minecraft:air":0,"biomesoplenty:fir_planks":268,"graveyard:bone_dagger":1,"minecraft:iron_boots":1,"minecraft:shield":1,"minecraft:stick":20,"born_in_chaos_v1:fried_maggot":3,"minecraft:iron_ingot":15,"minecraft:stone_pickaxe":3,"minecraft:iron_pickaxe":1,"minecraft:stone_sword":2,"minecraft:iron_leggings":1,"minecraft:torch":56},"minecraft:used":{"minecraft:water_bucket":3,"minecraft:stone_sword":66,"minecraft:stone_pickaxe":87,"cgm:pistol":75,"minecraft:wooden_pickaxe":42,"biomesoplenty:fir_planks":13,"biomesoplenty:fir_boat":2,"born_in_chaos_v1:fried_maggot":3,"minecraft:torch":6,"minecraft:dirt":36,"minecraft:crafting_table":11,"minecraft:campfire":2,"waystones:waystone":1,"lifesteal:heart_crystal":9,"minecraft:iron_pickaxe":20,"alexsmobs:cooked_moose_ribs":2,"minecraft:stone_axe":21,"minecraft:cobblestone":33,"minecraft:furnace":6,"minecraft:cooked_porkchop":4,"minecraft:bucket":4,"biomesoplenty:fir_log":3}},"DataVersion":3120}