{"stats":{"minecraft:killed":{"minecraft:pig":2,"graveyard:ghoul":1,"graveyard:skeleton_creeper":1,"minecraft:zombie_villager":1,"born_in_chaos_v1:restless_spirit":1,"whispering_spirits:whispering_spirit":1,"minecraft:spider":2,"born_in_chaos_v1:maggot":2,"minecraft:skeleton":1,"minecraft:zombie":2,"born_in_chaos_v1:corpse_fly":1,"alexsmobs:moose":1},"minecraft:dropped":{"biomesoplenty:fir_log":99,"minecraft:wheat_seeds":2,"minecraft:lapis_lazuli":51,"minecraft:raw_copper":13,"minecraft:rotten_flesh":9,"biomesoplenty:glowing_moss_carpet":1,"biomesoplenty:fir_sapling":191,"minecraft:dirt":7,"minecraft:mossy_stone_bricks":1,"minecraft:spider_eye":1,"minecraft:stone_pickaxe":2,"minecraft:wooden_pickaxe":3,"minecraft:string":2,"minecraft:bone":4},"minecraft:broken":{"minecraft:stone_axe":1},"minecraft:killed_by":{"man:managgresive":1,"minecraft:player":5,"minecraft:creeper":1,"steve_dweller:steve_dweller":1,"goatman:goatman":1},"minecraft:custom":{"minecraft:interact_with_furnace":20,"minecraft:mob_kills":16,"minecraft:interact_with_crafting_table":29,"minecraft:damage_dealt_resisted":20,"minecraft:leave_game":8,"minecraft:time_since_death":1493,"minecraft:climb_one_cm":2950,"minecraft:time_since_rest":1521,"minecraft:waystone_activated":1,"minecraft:sprint_one_cm":201903,"minecraft:damage_taken":3039,"minecraft:walk_one_cm":107197,"minecraft:drop":28,"minecraft:damage_dealt":1914,"minecraft:swim_one_cm":3706,"minecraft:fly_one_cm":308051,"minecraft:player_kills":6,"minecraft:open_chest":1,"minecraft:crouch_one_cm":4709,"minecraft:play_time":64020,"minecraft:deaths":10,"minecraft:sneak_time":1987,"minecraft:walk_under_water_one_cm":1894,"minecraft:boat_one_cm":462,"minecraft:jump":1139,"minecraft:walk_on_water_one_cm":3583,"minecraft:total_world_time":64020,"minecraft:fall_one_cm":40785},"minecraft:mined":{"biomesoplenty:glowing_moss_carpet":1,"minecraft:crafting_table":8,"minecraft:torch":3,"minecraft:grass_block":13,"biomesoplenty:fir_planks":4,"minecraft:cobblestone":6,"minecraft:wall_torch":2,"minecraft:furnace":3,"biomesoplenty:fir_log":322,"minecraft:grass":14,"biomesoplenty:fir_leaves":19,"lifesteal:deepslate_heart_ore":1,"minecraft:dirt":24,"minecraft:stone":88,"minecraft:mossy_stone_bricks":2,"minecraft:fern":8},"minecraft:picked_up":{"born_in_chaos_v1:corpse_maggot":3,"minecraft:crafting_table":8,"minecraft:wooden_pickaxe":2,"biomesoplenty:fir_sapling":191,"biomesoplenty:fir_log":325,"minecraft:string":4,"minecraft:lapis_lazuli":179,"minecraft:dirt":40,"minecraft:raw_copper":13,"biomesoplenty:glowing_moss_carpet":2,"minecraft:bone":7,"minecraft:wheat_seeds":3,"biomesoplenty:fir_planks":4,"minecraft:iron_ingot":3,"minecraft:stone_pickaxe":1,"minecraft:mossy_stone_bricks":2,"minecraft:furnace":3,"minecraft:raw_iron":20,"minecraft:stick":64,"lifesteal:heart_fragment":1,"minecraft:torch":5,"born_in_chaos_v1:ethereal_spirit":2,"minecraft:porkchop":4,"minecraft:spider_eye":1,"minecraft:arrow":2,"minecraft:rotten_flesh":12,"waystones:waystone":2,"alexsmobs:moose_ribs":1,"minecraft:coal":142,"minecraft:cobblestone":79},"minecraft:crafted":{"biomesoplenty:fir_boat":1,"minecraft:cooked_porkchop":4,"minecraft:crafting_table":4,"minecraft:wooden_pickaxe":2,"alexsmobs:cooked_moose_ribs":2,"minecraft:furnace":3,"minecraft:bucket":1,"minecraft:campfire":2,"minecraft:stone_axe":3,"minecraft:air":0,"biomesoplenty:fir_planks":268,"graveyard:bone_dagger":1,"minecraft:iron_boots":1,"minecraft:shield":1,"minecraft:stick":20,"born_in_chaos_v1:fried_maggot":3,"minecraft:iron_ingot":15,"minecraft:iron_pickaxe":1,"minecraft:stone_pickaxe":3,"minecraft:stone_sword":2,"minecraft:iron_leggings":1},"minecraft:used":{"minecraft:stone_sword":57,"cgm:pistol":50,"minecraft:stone_pickaxe":87,"minecraft:wooden_pickaxe":42,"biomesoplenty:fir_planks":13,"biomesoplenty:fir_boat":1,"born_in_chaos_v1:fried_maggot":3,"minecraft:torch":4,"minecraft:dirt":29,"minecraft:crafting_table":10,"minecraft:campfire":1,"waystones:waystone":1,"lifesteal:heart_crystal":2,"minecraft:iron_pickaxe":15,"minecraft:stone_axe":18,"alexsmobs:cooked_moose_ribs":2,"minecraft:cobblestone":33,"minecraft:furnace":4,"minecraft:cooked_porkchop":4,"biomesoplenty:fir_log":3}},"DataVersion":3120}