{"stats":{"minecraft:killed":{"alexsmobs:moose":1},"minecraft:dropped":{"biomesoplenty:fir_log":99,"minecraft:wheat_seeds":2,"minecraft:wooden_pickaxe":1,"biomesoplenty:fir_sapling":23},"minecraft:broken":{"minecraft:stone_axe":1},"minecraft:killed_by":{"minecraft:player":5,"goatman:goatman":1},"minecraft:custom":{"minecraft:time_since_rest":3850,"minecraft:waystone_activated":1,"minecraft:interact_with_furnace":4,"minecraft:sprint_one_cm":89775,"minecraft:damage_taken":1924,"minecraft:walk_one_cm":50476,"minecraft:mob_kills":1,"minecraft:drop":7,"minecraft:damage_dealt":90,"minecraft:player_kills":4,"minecraft:swim_one_cm":3706,"minecraft:interact_with_crafting_table":17,"minecraft:fly_one_cm":228180,"minecraft:crouch_one_cm":2567,"minecraft:play_time":42651,"minecraft:deaths":7,"minecraft:sneak_time":1053,"minecraft:walk_under_water_one_cm":1894,"minecraft:boat_one_cm":462,"minecraft:jump":743,"minecraft:leave_game":7,"minecraft:walk_on_water_one_cm":3583,"minecraft:time_since_death":3826,"minecraft:total_world_time":42651,"minecraft:fall_one_cm":32628},"minecraft:mined":{"biomesoplenty:fir_log":322,"minecraft:crafting_table":7,"minecraft:grass":12,"minecraft:grass_block":13,"biomesoplenty:fir_planks":3,"biomesoplenty:fir_leaves":13,"minecraft:dirt":24,"minecraft:stone":88,"minecraft:wall_torch":1,"minecraft:fern":5},"minecraft:picked_up":{"minecraft:stick":64,"minecraft:crafting_table":7,"minecraft:torch":1,"minecraft:wooden_pickaxe":1,"biomesoplenty:fir_sapling":112,"biomesoplenty:fir_log":325,"minecraft:dirt":33,"minecraft:raw_copper":13,"minecraft:wheat_seeds":3,"waystones:waystone":2,"biomesoplenty:fir_planks":4,"alexsmobs:moose_ribs":1,"minecraft:coal":82,"minecraft:cobblestone":76},"minecraft:crafted":{"biomesoplenty:fir_planks":48,"biomesoplenty:fir_boat":1,"minecraft:crafting_table":4,"minecraft:stick":20,"minecraft:wooden_pickaxe":2,"minecraft:stone_pickaxe":3,"minecraft:stone_sword":2,"alexsmobs:cooked_moose_ribs":2,"minecraft:furnace":1,"minecraft:campfire":2,"minecraft:stone_axe":3,"minecraft:air":0},"minecraft:used":{"waystones:waystone":1,"lifesteal:heart_crystal":2,"minecraft:stone_sword":3,"cgm:pistol":20,"minecraft:stone_pickaxe":74,"minecraft:wooden_pickaxe":42,"biomesoplenty:fir_boat":1,"alexsmobs:cooked_moose_ribs":2,"minecraft:stone_axe":16,"minecraft:torch":1,"minecraft:dirt":29,"minecraft:cobblestone":33,"minecraft:crafting_table":8,"minecraft:furnace":1}},"DataVersion":3120}