{"stats":{"minecraft:dropped":{"minecraft:wheat_seeds":2,"minecraft:wooden_pickaxe":1,"biomesoplenty:fir_sapling":23},"minecraft:killed_by":{"minecraft:player":1},"minecraft:custom":{"minecraft:time_since_rest":5071,"minecraft:sprint_one_cm":37460,"minecraft:damage_taken":354,"minecraft:walk_one_cm":27356,"minecraft:drop":5,"minecraft:damage_dealt":30,"minecraft:player_kills":1,"minecraft:swim_one_cm":2661,"minecraft:interact_with_crafting_table":11,"minecraft:fly_one_cm":106152,"minecraft:crouch_one_cm":1580,"minecraft:play_time":30811,"minecraft:deaths":2,"minecraft:sneak_time":615,"minecraft:walk_under_water_one_cm":1637,"minecraft:boat_one_cm":462,"minecraft:jump":309,"minecraft:leave_game":6,"minecraft:walk_on_water_one_cm":954,"minecraft:time_since_death":5051,"minecraft:total_world_time":30811,"minecraft:fall_one_cm":13226},"minecraft:mined":{"biomesoplenty:fir_log":95,"minecraft:crafting_table":3,"minecraft:grass":11,"minecraft:grass_block":12,"biomesoplenty:fir_planks":2,"biomesoplenty:fir_leaves":9,"minecraft:dirt":22,"minecraft:stone":88,"minecraft:fern":3},"minecraft:picked_up":{"minecraft:stick":8,"minecraft:crafting_table":3,"minecraft:wooden_pickaxe":1,"biomesoplenty:fir_sapling":23,"biomesoplenty:fir_log":95,"minecraft:dirt":30,"minecraft:wheat_seeds":3,"minecraft:cobblestone":76},"minecraft:crafted":{"biomesoplenty:fir_planks":36,"biomesoplenty:fir_boat":1,"minecraft:crafting_table":3,"minecraft:stick":20,"minecraft:wooden_pickaxe":2,"minecraft:stone_pickaxe":3,"minecraft:stone_sword":2,"minecraft:stone_axe":2},"minecraft:used":{"lifesteal:heart_crystal":2,"minecraft:stone_sword":1,"cgm:pistol":4,"minecraft:stone_pickaxe":68,"minecraft:wooden_pickaxe":41,"biomesoplenty:fir_boat":1,"minecraft:stone_axe":10,"minecraft:dirt":23,"minecraft:cobblestone":33,"minecraft:crafting_table":4}},"DataVersion":3120}