{"stats":{"minecraft:killed":{"minecraft:pig":2,"graveyard:ghoul":1,"graveyard:skeleton_creeper":1,"minecraft:zombie_villager":1,"born_in_chaos_v1:restless_spirit":1,"whispering_spirits:whispering_spirit":1,"minecraft:spider":2,"born_in_chaos_v1:siamese_skeletonsright":1,"minecraft:creeper":1,"born_in_chaos_v1:maggot":4,"minecraft:skeleton":1,"minecraft:zombie":3,"born_in_chaos_v1:corpse_fly":1,"creeping_x:creeping_x":1,"born_in_chaos_v1:skeleton_thrasher":1,"alexsmobs:moose":1,"born_in_chaos_v1:siamese_skeletonsleft":1},"minecraft:dropped":{"biomesoplenty:fir_log":99,"minecraft:furnace":4,"minecraft:stone_axe":1,"minecraft:wheat_seeds":4,"minecraft:lapis_lazuli":51,"minecraft:stone_sword":1,"minecraft:raw_copper":13,"minecraft:rotten_flesh":15,"lifesteal:heart_crystal":4,"minecraft:rail":1,"minecraft:coal":21,"biomesoplenty:fir_sapling":192,"biomesoplenty:glowing_moss_carpet":2,"minecraft:stick":35,"minecraft:dirt":7,"biomesoplenty:fir_planks":33,"minecraft:torch":1,"minecraft:charcoal":2,"minecraft:mossy_stone_bricks":2,"minecraft:spider_eye":2,"minecraft:stone_pickaxe":4,"minecraft:wooden_pickaxe":3,"minecraft:string":5,"lifesteal:revive_head":1,"minecraft:bone":4},"minecraft:broken":{"minecraft:stone_axe":1},"minecraft:killed_by":{"man:managgresive":2,"alexsmobs:skelewag":1,"minecraft:player":6,"minecraft:creeper":2,"chasing_x:chasing_x":2,"goatman:goatman":1,"steve_dweller:steve_dweller":1,"graveyard:skeleton_creeper":1},"minecraft:custom":{"minecraft:interact_with_furnace":23,"minecraft:mob_kills":26,"minecraft:interact_with_crafting_table":31,"minecraft:damage_dealt_resisted":930,"minecraft:leave_game":9,"minecraft:time_since_death":2800,"minecraft:climb_one_cm":10357,"minecraft:time_since_rest":2833,"minecraft:waystone_activated":1,"minecraft:sprint_one_cm":303341,"minecraft:damage_taken":9278,"minecraft:walk_one_cm":154775,"minecraft:drop":55,"minecraft:damage_dealt":2720,"minecraft:player_kills":9,"minecraft:swim_one_cm":4967,"minecraft:fly_one_cm":458891,"minecraft:open_chest":2,"minecraft:crouch_one_cm":10911,"minecraft:play_time":99881,"minecraft:deaths":18,"minecraft:sneak_time":4666,"minecraft:walk_under_water_one_cm":2347,"minecraft:boat_one_cm":1488,"minecraft:jump":1816,"minecraft:walk_on_water_one_cm":4143,"minecraft:total_world_time":99881,"minecraft:fall_one_cm":67511},"minecraft:mined":{"biomesoplenty:glowing_moss_carpet":1,"minecraft:crafting_table":9,"minecraft:torch":3,"minecraft:grass_block":14,"biomesoplenty:fir_planks":7,"minecraft:campfire":2,"minecraft:cobblestone":6,"minecraft:wall_torch":3,"minecraft:furnace":6,"biomesoplenty:toadstool":1,"biomesoplenty:fir_log":322,"lifesteal:revive_head":1,"minecraft:grass":15,"biomesoplenty:fir_leaves":27,"lifesteal:deepslate_heart_ore":1,"minecraft:dirt":27,"minecraft:stone":93,"minecraft:mossy_stone_bricks":2,"minecraft:fern":10},"minecraft:picked_up":{"born_in_chaos_v1:corpse_maggot":4,"minecraft:charcoal":7,"minecraft:crafting_table":9,"minecraft:wooden_pickaxe":2,"biomesoplenty:fir_sapling":192,"biomesoplenty:fir_log":325,"lifesteal:revive_head":1,"minecraft:lapis_lazuli":179,"minecraft:dirt":44,"minecraft:string":5,"minecraft:raw_copper":13,"biomesoplenty:glowing_moss_carpet":2,"minecraft:bone":9,"biomesoplenty:fir_boat":1,"minecraft:wheat_seeds":5,"biomesoplenty:fir_planks":9,"minecraft:iron_ingot":3,"minecraft:stone_pickaxe":2,"minecraft:mossy_stone_bricks":2,"minecraft:furnace":10,"biomesoplenty:toadstool":1,"minecraft:stick":99,"minecraft:raw_iron":20,"lifesteal:heart_fragment":1,"minecraft:torch":6,"born_in_chaos_v1:ethereal_spirit":2,"minecraft:porkchop":4,"minecraft:spider_eye":2,"minecraft:stone_sword":1,"minecraft:arrow":2,"minecraft:rotten_flesh":15,"minecraft:stone_axe":1,"waystones:waystone":2,"alexsmobs:moose_ribs":1,"lifesteal:heart_crystal":4,"minecraft:coal":190,"minecraft:rail":1,"minecraft:cobblestone":84,"born_in_chaos_v1:fused_bone":2},"minecraft:crafted":{"biomesoplenty:fir_boat":1,"minecraft:cooked_porkchop":4,"minecraft:crafting_table":5,"minecraft:wooden_pickaxe":2,"alexsmobs:cooked_moose_ribs":2,"minecraft:furnace":3,"minecraft:bucket":1,"minecraft:campfire":5,"minecraft:stone_axe":3,"minecraft:air":0,"biomesoplenty:fir_planks":268,"graveyard:bone_dagger":1,"minecraft:iron_boots":1,"minecraft:shield":1,"minecraft:stick":20,"born_in_chaos_v1:fried_maggot":4,"minecraft:iron_ingot":15,"minecraft:stone_pickaxe":3,"minecraft:iron_pickaxe":1,"minecraft:stone_sword":2,"minecraft:iron_leggings":1,"minecraft:torch":56},"minecraft:used":{"minecraft:water_bucket":4,"minecraft:stone_sword":77,"minecraft:stone_pickaxe":87,"cgm:pistol":121,"minecraft:wooden_pickaxe":42,"biomesoplenty:fir_planks":123,"biomesoplenty:fir_boat":2,"born_in_chaos_v1:fried_maggot":4,"minecraft:torch":9,"minecraft:dirt":40,"minecraft:crafting_table":11,"minecraft:campfire":3,"waystones:waystone":1,"lifesteal:heart_crystal":9,"minecraft:iron_pickaxe":26,"alexsmobs:cooked_moose_ribs":2,"minecraft:stone_axe":24,"minecraft:cobblestone":33,"minecraft:furnace":7,"minecraft:cooked_porkchop":4,"minecraft:bucket":5,"biomesoplenty:fir_log":3}},"DataVersion":3120}