{"stats":{"minecraft:killed_by":{"goatman:goatman":1},"minecraft:custom":{"minecraft:time_since_rest":2540,"minecraft:interact_with_furnace":2,"minecraft:sprint_one_cm":41155,"minecraft:damage_taken":380,"minecraft:walk_one_cm":43708,"minecraft:damage_dealt":4,"minecraft:interact_with_crafting_table":5,"minecraft:fly_one_cm":65120,"minecraft:open_chest":6,"minecraft:crouch_one_cm":258,"minecraft:play_time":18122,"minecraft:deaths":2,"minecraft:sneak_time":84,"minecraft:jump":467,"minecraft:leave_game":2,"minecraft:time_since_death":2517,"minecraft:total_world_time":18122,"minecraft:fall_one_cm":11734},"minecraft:mined":{"minecraft:red_bed":1,"minecraft:spruce_log":5,"biomesoplenty:fir_log":13,"minecraft:crafting_table":3,"minecraft:grass":14,"minecraft:grass_block":2,"graveyard:leaning_skeleton":1,"minecraft:dirt":3,"minecraft:stone":34,"graveyard:lying_skeleton":1,"minecraft:fern":2},"minecraft:picked_up":{"minecraft:stick":4,"minecraft:crafting_table":3,"biomesoplenty:fir_sapling":8,"biomesoplenty:fir_log":13,"minecraft:spruce_log":5,"minecraft:dirt":5,"minecraft:red_bed":1,"minecraft:bone":8,"minecraft:wheat_seeds":3,"minecraft:rabbit_hide":1,"minecraft:spruce_sign":1,"minecraft:cobblestone":34},"minecraft:crafted":{"biomesoplenty:fir_planks":52,"minecraft:crafting_table":1,"minecraft:spruce_planks":40,"minecraft:stick":4,"minecraft:wooden_pickaxe":1,"minecraft:stone_pickaxe":1,"minecraft:wooden_axe":1,"minecraft:furnace":1,"minecraft:stone_axe":1},"minecraft:used":{"minecraft:wooden_axe":1,"lifesteal:heart_crystal":1,"minecraft:bread":1,"minecraft:stone_pickaxe":38,"minecraft:wooden_pickaxe":16,"minecraft:stone_axe":4,"minecraft:dirt":5,"minecraft:crafting_table":3,"alexsmobs:animal_dictionary":1,"minecraft:potato":2}},"DataVersion":3120}