{"stats":{"minecraft:killed_by":{"goatman:goatman":1,"minecraft:skeleton":2,"minecraft:spider":1},"minecraft:custom":{"minecraft:time_since_rest":288,"minecraft:interact_with_furnace":2,"minecraft:sprint_one_cm":58393,"minecraft:damage_taken":1190,"minecraft:walk_one_cm":51580,"minecraft:damage_dealt":459,"minecraft:interact_with_crafting_table":5,"minecraft:fly_one_cm":139277,"minecraft:open_chest":6,"minecraft:crouch_one_cm":258,"minecraft:play_time":31501,"minecraft:deaths":6,"minecraft:sneak_time":102,"minecraft:jump":842,"minecraft:leave_game":4,"minecraft:time_since_death":257,"minecraft:total_world_time":31501,"minecraft:fall_one_cm":30527},"minecraft:mined":{"minecraft:red_bed":1,"minecraft:spruce_log":5,"biomesoplenty:fir_log":54,"minecraft:crafting_table":3,"minecraft:grass":33,"minecraft:grass_block":2,"graveyard:leaning_skeleton":1,"minecraft:dirt":3,"minecraft:stone":34,"graveyard:lying_skeleton":1,"minecraft:fern":11},"minecraft:picked_up":{"minecraft:stick":7,"minecraft:crafting_table":3,"biomesoplenty:fir_sapling":12,"biomesoplenty:fir_log":33,"minecraft:spruce_log":5,"minecraft:dirt":5,"minecraft:red_bed":1,"minecraft:bone":8,"minecraft:wheat_seeds":8,"minecraft:rabbit_hide":1,"minecraft:spruce_sign":1,"minecraft:cobblestone":34},"minecraft:crafted":{"biomesoplenty:fir_planks":52,"minecraft:crafting_table":1,"minecraft:spruce_planks":40,"minecraft:stick":4,"minecraft:wooden_pickaxe":1,"minecraft:stone_pickaxe":1,"minecraft:wooden_axe":1,"minecraft:furnace":1,"minecraft:stone_axe":1},"minecraft:used":{"minecraft:wooden_axe":1,"lifesteal:heart_crystal":1,"minecraft:bread":1,"minecraft:stone_pickaxe":39,"minecraft:wooden_pickaxe":16,"minecraft:stone_axe":37,"minecraft:dirt":5,"minecraft:crafting_table":3,"alexsmobs:animal_dictionary":1,"minecraft:potato":2}},"DataVersion":3120}