{
  "farmersdelight:main/root": {
    "criteria": {
      "seeds": "2024-08-05 18:23:22 -0500"
    },
    "done": true
  },
  "betterdungeons:root": {
    "criteria": {
      "always": "2024-08-05 18:23:23 -0500"
    },
    "done": true
  },
  "incendium:technical/on_block": {
    "criteria": {
      "log_spam_fixer": "2024-08-05 18:23:27 -0500"
    },
    "done": false
  },
  "incendium:technical/on_kill": {
    "criteria": {
      "log_spam_fixer": "2024-08-05 18:23:27 -0500"
    },
    "done": false
  },
  "incendium:technical/using/trailblazer": {
    "criteria": {
      "log_spam_fixer": "2024-08-05 18:23:27 -0500"
    },
    "done": false
  },
  "incendium:technical/on_player_hurt": {
    "criteria": {
      "log_spam_fixer": "2024-08-05 18:23:27 -0500"
    },
    "done": false
  },
  "cold_sweat:recipes/thermometer": {
    "criteria": {
      "temperature": "2024-08-05 18:23:23 -0500"
    },
    "done": true
  },
  "incendium:technical/scroll_of_returning": {
    "criteria": {
      "log_spam_fixer": "2024-08-05 18:23:27 -0500"
    },
    "done": false
  },
  "incendium:technical/multiplex_crossbow": {
    "criteria": {
      "log_spam_fixer": "2024-08-05 18:23:27 -0500"
    },
    "done": false
  },
  "incendium:technical/sentrys_wrath": {
    "criteria": {
      "log_spam_fixer": "2024-08-05 18:23:27 -0500"
    },
    "done": false
  },
  "dungeons_arise:wda_root": {
    "criteria": {
      "WDA": "2024-08-05 18:23:23 -0500"
    },
    "done": true
  },
  "the_intruder:achievement_join_game": {
    "criteria": {
      "achievement_join_game": "2024-08-05 18:23:22 -0500"
    },
    "done": true
  },
  "cold_sweat:root": {
    "criteria": {
      "requirement": "2024-08-05 18:23:23 -0500"
    },
    "done": true
  },
  "biomesoplenty:biomesoplenty/all_biomes": {
    "criteria": {
      "coniferous_forest": "2024-08-05 18:23:27 -0500"
    },
    "done": false
  },
  "incendium:technical/firestorm": {
    "criteria": {
      "log_spam_fixer": "2024-08-05 18:23:27 -0500"
    },
    "done": false
  },
  "moguns:weapons/root": {
    "criteria": {
      "tick": "2024-08-05 18:23:23 -0500"
    },
    "done": true
  },
  "biomesoplenty:biomesoplenty/root": {
    "criteria": {
      "coniferous_forest": "2024-08-05 18:23:27 -0500"
    },
    "done": true
  },
  "incendium:technical/using/ragnarok": {
    "criteria": {
      "log_spam_fixer": "2024-08-05 18:23:27 -0500"
    },
    "done": false
  },
  "cold_sweat:extreme_temps": {
    "criteria": {
      "requirement": "2024-08-05 18:23:23 -0500"
    },
    "done": true
  },
  "incendium:technical/feed_ghastling": {
    "criteria": {
      "log_spam_fixer": "2024-08-05 18:23:27 -0500"
    },
    "done": false
  },
  "incendium:technical/inventory/sentrys_wrath": {
    "criteria": {
      "log_spam_fixer": "2024-08-05 18:23:27 -0500"
    },
    "done": false
  },
  "incendium:technical/new_player": {
    "criteria": {
      "requirement": "2024-08-05 18:23:23 -0500"
    },
    "done": true
  },
  "naturalist:recipes/food/cooked_egg": {
    "criteria": {
      "has_eggs": "2024-08-05 18:23:22 -0500"
    },
    "done": true
  },
  "incendium:technical/holy_wrath": {
    "criteria": {
      "log_spam_fixer": "2024-08-05 18:23:27 -0500"
    },
    "done": false
  },
  "incendium:technical/inventory/firestorm": {
    "criteria": {
      "log_spam_fixer": "2024-08-05 18:23:27 -0500"
    },
    "done": false
  },
  "moguns:crayfish/root": {
    "criteria": {
      "tick": "2024-08-05 18:23:23 -0500"
    },
    "done": true
  },
  "incendium:technical/using/shield": {
    "criteria": {
      "log_spam_fixer": "2024-08-05 18:23:27 -0500"
    },
    "done": false
  },
  "incendium:technical/on_inventory_change": {
    "criteria": {
      "log_spam_fixer": "2024-08-05 18:23:27 -0500"
    },
    "done": false
  },
  "repurposed_structures:root": {
    "criteria": {
      "always": "2024-08-05 18:23:23 -0500"
    },
    "done": true
  },
  "incendium:technical/give_ghastling": {
    "criteria": {
      "log_spam_fixer": "2024-08-05 18:23:27 -0500"
    },
    "done": false
  },
  "DataVersion": 3120
}